Authors,Title,Year,Cited by,Score,Document Type,Ob. Predizione,Features,Modelli,Metriche di valutazione (BTC),Best Model,Best model Performance,Range dataset,Resolution dataset,Source,Note
Oyedele A.A.; Ajayi A.O.; Oyedele L.O.; Bello S.A.; Jimoh K.O.,Performance evaluation of deep learning and boosted trees for cryptocurrency closing price prediction,2023,39,"39,0",Article,"BTC, ETH, BNB, LTC, XLM, DOGE","O, H, L, C, V, SMA, EMA","ADAB, GBM, XGB, MLP, GRU, CNN",MAPE = 1-5%,CNN,MAPE = 2%,01/01/2018 - 02/03/2022,1 d,"yahoo.com, bitfinex.com, investing.com",GA x ottimizzare parametri
Seabe P.L.; Moutsinga C.R.B.; Pindza E.,"Forecasting Cryptocurrency Prices Using LSTM, GRU, and Bi-Directional LSTM: A Deep Learning Approach",2023,25,"25,0",Article,"BTC, ETH, LTC","O, H, L, C, AdjC","LSTM, GRU, Bi-LSTM","RMSE = 1031-1280; MAPE = 0,036-0,057",Bi-LSTM,MAPE = 4%; RMSE = 1030,01/01/2018 - 01/01/2023,1 d,yahoo.com,
Chen J.,Analysis of Bitcoin Price Prediction Using Machine Learning,2023,20,"20,0",Article,BTC,"O, H, L, C, V, ActiveAddr, MeanTrxSize, TrxFees, H-R, Diff, BlockSize, SumBlockWeight, LTC, XRP, DASH, DOGE, ETH, Gold, Silver, Copper, Oil, 10YrYield, S&P500, DJ, CBOE, NASDAQ, JP225, CSI300, DXY, EUR, GPB, JPY, CAD, AUD, SGD, CNY, RUB, SentimentScore","LSTM, RF","MAPE = 3,3-4,7%, RMSE = 1,7-5,1%, DA = 48,1-52,5%",RF,"MAPE = 3%; RMSE = 1,7%",31/03/2015 - 01/04/2022,1 d,"yahoo.com, investing.com, coinmarketcap.com, bitinfocharts.com, coinmetrics.io",Grafico importanza features
Sun X.; Liu M.; Sima Z.,A novel cryptocurrency price trend forecasting model based on LightGBM,2020,271,"16,9",Article,"BTC, others","DJ, S&P500, HangSengI, USD, ShanghaiStockI, ShenzhenCompI, RMB, FTSEChinaA50, Oil, O, H, L, C, V","LightGBM, SVM, RF",Accuracy = 48-62%,,,01/01/2018 - 30/06/2018,1 d,investing.com,
Chen Z.; Li C.; Sun W.,Bitcoin price prediction using machine learning: An approach to sample dimension engineering,2020,214,"13,4",Article,BTC,"BlockSize, H-R, Diff, TrxNumber, ConfirmedTrx, MempoolTrxCount, MempoolSize, MarketCap, EstTrxValue, TrxFees, SentimentScore, Gold, C","LSTM, QDA, SVM, RF, XGB, LR, LDA","Accuracy = 48-66%, Precision =49-72%, Recall = 35-74%, F1-score = 48-78%",,,02/02/2017 - 01/02/2019,"1 d, 5 min","coinmarketcap.com, Bitcoinity.org","Differenti modelli per differenti frequenze, granularità"
Zhong C.; Du W.; Xu W.; Huang Q.; Zhao Y.; Wang M.,LSTM-ReGAT: A network-centric approach for cryptocurrency price trend prediction,2023,12,"12,0",Article,BTC,"O, H, L, C, V, MarketCap, EMA, RSI, W%, MACD, OBV, NASDAQ, S&P500, DJ, FTSE100, Oil, VIX, Gold, GPB, CNY, EUR, SentimentScore, ETH","LSTM, LR, SVM, RF, DNN, CNN"," AUC = 0,51-0,66, AP = 0,45-0,62, Accuracy = 0,54-0,63, Precision =  0,51-0,60, Recall = 0,03- 0,51, F1 = 0,02-0,55",LSTM,Accuracy = 62%,30/03/2020 - 20/12/2022,1 d,coinmarketcap.com,incorporating cryptocurrency interrelations can further improve the prediction
Kraaijeveld O.; De Smedt J.,The predictive power of public Twitter sentiment for forecasting cryptocurrency prices,2020,191,"11,9",Article,"BTC, ETH, XRP, BCH, EOS, LTC, ADA, ","SentimentScore, C, V, MarketCap",SA,,,,04/06/2018 - 04/08/2018,"1 d, 1 h",coinmarketcap.com,
Hamayel M.J.; Owda A.Y.,"A Novel Cryptocurrency Price Prediction Model Using GRU, LSTM and bi-LSTM Machine Learning Algorithms",2021,103,"11,4",Article,"BTC, ETH, LTC","O, H, L, C","LSTM, Bi-LSTM, GRU","RMSE = 174-2900, MAPE = 0,3-6,0%",,,22/01/2018 - 30/06/2021,1 d,marketwatch.com,
Shimpi A.; Gambhir R.; Diwate A.; Udawant S.; Siddiqui N.Y.; William P.,Framework for Assessment of Bitcoin Price Prediction Using Ensembling Machine Learning Approach,2023,11,"11,0",Conference paper,BTC,"C, SentimentScore","LSTM, SA","Accuracy, Precision, Recall",,,,,,
Murray K.; Rossi A.; Carraro D.; Visentin A.,"On Forecasting Cryptocurrency Prices: A Comparison of Machine Learning, Deep Learning, and Ensembles",2023,11,"11,0",Article,"BTC, XRP, LTC, ETH, XMR","O, H, L, C","ARIMA, KNN, SVM, RF, LSTM, GRU, Transformer","RMSE, MAE",LSTM,"MAE = 1,7%, RMSE = 2,2%",01/06/2017 - 31/05/2022,1 d,"investing.com, binance.com",Ha il suo dataset
McNally S.; Roche J.; Caton S.,Predicting the Price of Bitcoin Using Machine Learning,2018,384,"10,7",Conference paper,BTC,"O, H, L, C, Diff, H-R, SMA","LSTM, RNN, ARIMA","Accuracy, Precision, Recall, RMSE",,,19/08/2013 - 19/07/2016,1 d,"coindesk.com, blockchain.info",
Ranjan S.; Kayal P.; Saraf M.,Bitcoin Price Prediction: A Machine Learning Sample Dimension Approach,2023,10,"10,0",Article,BTC,"O, H, L, C, MarketCap, H-R, BlockSize, Diff,  BlockTime, TrxNumber, ConfirmedTrx, MempoolTrxCount, EstTrxValue, TrxFees, Gold, SentimentScore","LogR, XGBoost, RF, KNN, DT, SVM, LDA",Accuracy = 45-65%; Precision = 44-66%; Recall = 25-100%; F1 = 37-63%,"LogR, XGBoost",Accuracy = 65%,01/01/2017 - 31/12/2019,"1 d, 5 min","blockchain.com, bitcoinity.org, google.com, gold.org",
Critien J.V.; Gatt A.; Ellul J.,Bitcoin price change and trend prediction through twitter sentiment and data volume,2022,35,"8,8",Article,BTC ,"SentimentScore, C","SA, Bi-LSTM, CNN, LSTM",Accuracy = 58-61%,,,30/08/2018 - 23/11/2019,1 d,,Multi class prediction problem
Ye Z.; Wu Y.; Chen H.; Pan Y.; Jiang Q.,A Stacking Ensemble Deep Learning Model for Bitcoin Price Prediction Using Twitter Comments on Bitcoin,2022,33,"8,3",Article,BTC,"O, H, L, C, V, MACD, SMA, OBV, RSI, MFI, SentimentScore","LSTM, GRU, SA","MAE = 89-413; MSE = 30-184; MAPE = 0,7-4,0 ",,,01/09/2017 - 01/01/2021,1 d,"binance.com, ",Dataset: https://data.binance.vision/?prefix=
Goodell J.W.; Ben Jabeur S.; Saâdaoui F.; Nasir M.A.,Explainable artificial intelligence modeling to forecast bitcoin prices,2023,8,"8,0",Article,BTC,"S&P500, Gold, Oil, VIX, USD, YIFR, ETH, LTC, XRP, INF, REC, GPR, TEU, NSI, INFECT, PACC, C","LSTM, DL, SVM, LR, RF, XGB, ET, MultiscaleAnalysis","R2, RMSE",LSTM,RMSE = 2%,01/08/2016 - 01/06/2022,1 d,investing.com,"explainable artificial intelligence (XAI). Economic downturn, geopolitical risk, inflation and climate change affect bitcoin prices."
Liu M.; Li G.; Li J.; Zhu X.; Yao Y.,Forecasting the price of Bitcoin using deep learning,2021,65,"7,2",Article,BTC ,"C, V, ActiveAddr, H-R, Diff, BlockSize,  MarketCap, LTC, XRP, Gold, Copper, Oil, S&P500, DJ, EUR, GPB, JPY, CAD, AUD, SentimentScore","BPNN, PCA, SVM, SDAE","MAPE = 0,10-0,4, RMSE = 160-390, DA = 54-59%",,,01/07/2013 - 31/12/2019,1 d,"coindesk.com, BTC.com",
Singh P.K.; Pandey A.K.; Bose S.C.,"A new grey system approach to forecast closing price of Bitcoin, Bionic, Cardano, Dogecoin, Ethereum, XRP Cryptocurrencies",2023,7,"7,0",Article,"BTC, BNC, ADA, DOGE, ETH, XRP","C, ETH",EGM,"MAPE, MSE, RMSE",,,19/09/2021 - 29/09/2021,1 d,yahoo.com,
Latif N.; Selvam J.D.; Kapse M.; Sharma V.; Mahajan V.,Comparative Performance of LSTM and ARIMA for the Short-Term Prediction of Bitcoin Prices,2023,7,"7,0",Article,BTC ,C,"LSTM, ARIMA","MAPE = 0,27-1,79%, MAE = 127-838, RMSE = 151-940, Accuracy = 98,2-99,7%",LSTM,"MAPE = 0,3%; RMSE = 151",21/12/2020 - 21/12/2021,10 min,bloomberg.com,
Jakubik J.; Nazemi A.; Geyer-Schulz A.; Fabozzi F.J.,Incorporating financial news for forecasting Bitcoin prices based on long short-term memory networks,2023,7,"7,0",Article,BTC,"C, SentimentScore","LSTM, RF, CNN, Bi-LSTM, SA","MSE = 0,009-0,012; RMSE = 0,097-0,129",LSTM,"Accuracy = 84%; RMSE = 9,7%",12/09/2013 - 18/06/2019,1 d,"kraken.com, ft.com",
Maleki N.; Nikoubin A.; Rabbani M.; Zeinali Y.,Bitcoin price prediction based on other cryptocurrencies using machine learning and time series analysis,2023,7,"7,0",Article,BTC,"C, ETH, ZEC, LTC","ARIMA, LR, SVM, LASSO, RF, GB",MSE,GB,MSE = 18400,01/04/2018 - 31/03/2019,1 d,coinmarketcap.com,
Hajek P.; Hikkerova L.; Sahut J.-M.,How well do investor sentiment and ensemble learning predict Bitcoin prices?,2023,7,"7,0",Article,BTC,"SentimentScore, A/D, XRP, LTC, O, V, TrxNumber, C, MarketCap","RWM, Bi-LSTM, ARIMA, ANN, SANN, RBFNN, RF, SVM, BSVM",MAE = 108-2500,,,01/03/2018 - 01/05/2022,1 d,lseg.com,
Ramani K.; Jahnavi M.; Reddy P.J.; Venkatachakravarthi P.; Meghanath P.; Imran S.K.,"Prediction of Bitcoin Price through LSTM, ARIMA, XGBoost, PROPHET and Sentiment Analysis on Dynamic Streaming Data",2023,7,"7,0",Conference paper,BTC,"C, SentimentScore","XGB, LSTM, PROPHET, SA, ARIMA","RMSE = 195-994000; MAE = 860-6000; R2 = 0,001-94755",LSTM,MAE = 850; RMSE = 195,01/07/2021 - 31/03/2023,1 d,yahoo.com,
Rajabi S.; Roozkhosh P.; Farimani N.M.,MLP-based Learnable Window Size for Bitcoin price prediction,2022,28,"7,0",Article,BTC,"MarketCap, V, TrxFees, ConfTime, Diff, H, L, H-R, BlockSize, MinersRev, SentimentScore, O, ActiveAddr, C","MLP, LSTM, WaveNet, ARIMA, RF, SVM, LWS","MAPE = 0,31-14,31; RMSE = 49-1475",,,12/11/2018 - 04/06/2021,1 d,,
Dutta A.; Kumar S.; Basu M.,A Gated Recurrent Unit Approach to Bitcoin Price Prediction,2020,107,"6,7",Article,BTC,"BlockSize, MACD, VIX, USD, Gold, 10YrYield, 2YrYield, XRP, UTXO, V, TrxFees, MinersRevenue, H-R, SentimentScore, MoneySupply, PriceVolatility, C",GRU,"RMSE = 0,016-0,017",,,01/01/2010 - 30/06/2019,1 d,"bitcoincharts.com, quandl.com, coinmarketcap.com, yahoo.com",
Jay P.; Kalariya V.; Parmar P.; Tanwar S.; Kumar N.; Alazab M.,Stochastic neural networks for cryptocurrency price prediction,2020,98,"6,1",Article,"BTC, ETH, LTC","TrxNumber, V, H-R, Diff, MinersRevenue, TrxFees, ConfTime, MarketCap, TweetsNumber, SentimentScore, H, L, C","MLP, LSTM","MAPE = 3,3-4,1; MAE = 0,03-0,04; RMSE = 0,04-0,05; MSE = 122000-149000",,,01/01/2017 - 31/12/2019,1 d,bitinfocharts.com,Stochastic NN
Jang H.; Lee J.,An Empirical Study on Modeling and Prediction of Bitcoin Prices with Bayesian Neural Networks Based on Blockchain Information,2017,297,"6,1",Article,BTC,"C, V, BlockSize, H-R, Diff, TrxNumber, ActiveAddr, MinersRevenue, S&P500, NASDAQ, DJ, Gold, VIX, EUR, JPY, GPB, Oil","BNN, LR, SVM",RMSE; MAPE,,,11/09/2011 - 22/08/2017,1 d,bitcoincharts.com,
Atsalakis G.S.; Atsalaki I.G.; Pasiouras F.; Zopounidis C.,Bitcoin price forecasting with neuro-fuzzy techniques,2019,150,"6,0",Article,BTC,,"ANN, Fuzzy","RMSE = 0.05, MSE = 0.003, MAE = 0.04",,,13/09/2011 - 12/10/2017,1 d,bitcoincharts.com,
Awoke T.; Rout M.; Mohanty L.; Satapathy S.C.,Bitcoin Price Prediction and Analysis Using Deep Learning Models,2021,53,"5,9",Conference paper,BTC,"O, H, L, C, MarketCap","GRU, LSTM","RMSE = 0,05-0,09; MAPE = 0,03-0,07",,,01/01/2014 - 20/02/2018,1 d,kaggle.com,
Mallqui D.C.A.; Fernandes R.A.S.,"Predicting the direction, maximum, minimum and closing prices of daily Bitcoin exchange rate using machine learning techniques",2019,145,"5,8",Article,BTC,"O, H, L, C, TrxFees, V, TrxNumber, CostTrx, H-R, Oil, Gold, S&P500, NASDAQ, DAX","ANN, SVM, ARIMA","MAPE = 1-2%, MAE, RMSE, Accuracy = 40-60%",,,11/09/2011 - 22/08/2017,1 d,"bitcoincharts.com, quandl.com, investing.com",
Mudassir M.; Bennbaia S.; Unal D.; Hammoudeh M.,Time-series forecasting of Bitcoin prices using high-dimensional features: a machine learning approach,2020,90,"5,6",Article,BTC,"TrxNumber, BlockSize, Diff, H-R, TrxFees, BlockTime, MinersRevenue, ActiveAddr, O, H, L, C, V, MACD, TRIX, RSI, EMA, ROC ","ANN, SVM, LSTM","MAE, RMSE, MAPE, Accuracy, F1",,,01/04/2013 - 31/12/2019,1 d,bitcoininfocharts.com,The data for this study were collected from https://bitinfocharts.com by a using web scraper
Kim G.; Shin D.-H.; Choi J.G.; Lim S.,A Deep Learning-Based Cryptocurrency Price Prediction Model That Uses On-Chain Data,2022,21,"5,3",Article,BTC,"C, ETH, LTC, XRP, Add>0.1, Add>0.01, Add>10k, AddNonZeroBTC, BlockHeight, CircSupply, Diff, DeltaCap, ExchangeInVolume, ExchangeOutVolume, MarketCap, StockFlow, H-R, V, ActiveAddr","LSTM, CPD","MAE = 0,4-2,2; MSE = 0,4-5,8; MAPE = 1,3-1,7",,,27/03/2018 - 16/11/2021,1 d,glassnode.com,
Zou Y.; Herremans D.,PreBit — A multimodal model with Twitter FinBERT embeddings for extreme price movement prediction of Bitcoin,2023,5,"5,0",Article,BTC,"O, H, L, C, V, SentimentScore, EMA, MACD, BB, Gold, ETH","SVM, CNN, SA","Accuracy, Precision, Recall, F1",SVM,Accuracy = 57%,01/01/2015 - 31/12/2021,1 d,cryptocompare.com,C'E' DATASET PER SENTIMENT!!! https://github.com/AMAAI-Lab/PreBit
Kundra H.; Sharma S.; Nancy P.; Kalyani D.,A two level ensemble classification approach to forecast bitcoin prices,2023,5,"5,0",Article,BTC,"Oil, Gold, H-R, TrxCount, DAX, S&P500, NASDAQ, TrxFees, TrxCost, O, H, L, C, RSI, EMA, ROC, ATR","Bi-LSTM, CNN, SVM","RMSE, MAPE, MAE",SVM,"MAPE = 2,7%; RMSE = 3%",,"1 d, 1 min","bitcoincharts.com, investing.com, yahoo.com, blockchain.com","“Data collection, feature extraction, and price prediction”."
Aghashahi M.; Bamdad S.,Analysis of different artificial neural networks for Bitcoin price prediction,2023,5,"5,0",Article,BTC,,ANN,"MSE, MAPE, MAE",,,01/01/2018 - 30/09/2018,,coindesk.com,
Rathore R.K.; Mishra D.; Mehra P.S.; Pal O.; HASHIM A.S.; Shapi'i A.; Ciano T.; Shutaywi M.,Real-world model for bitcoin price prediction,2022,20,"5,0",Article,BTC,"O, H, L, C, V, MarketCap",PROPHET,RMSE,,,28/04/2013 - 31/07/2017,1 d,"kaggle.com, tradingview.com",The data for this study came from an open-access website - https://www.kaggle.com/team-ai/bitcoin-price-prediction/version/1.
Ji S.; Kim J.; Im H.,A comparative study of bitcoin price prediction using deep learning,2019,118,"4,7",Article,BTC,"BlockSize, TrxCost, Diff, H-R, MarketCap, MempoolCount, MempoolSize, TrxFees, TrxNumber, C, UTXO, MinersRevenue, V","DNN, LSTM, CNN, ResNet, SVM","MAPE = 3,6-4,8%",,,29/11/2011 - 31/12/2018,1 d,"bitcoincharts.com, blockchain.com",
Guo H.; Zhang D.; Liu S.; Wang L.; Ding Y.,Bitcoin price forecasting: A perspective of underlying blockchain transactions,2021,40,"4,4",Article,BTC,"O, H, L, C, V, TrxFees, SentimentScore, TrxData","Wavelet, CA, CNN","MAE = 1044, MSE, RMSE = 1200",,,01/01/2016 - 31/12/2018,1 d,"walletexplorer.com, google.com, coinmarketcap.com",TrxData
Kang C.Y.; Lee C.P.; Lim K.M.,Cryptocurrency Price Prediction with Convolutional Neural Network and Stacked Gated Recurrent Unit,2022,17,"4,3",Article,"BTC, ETH, XRP","O, H, L, C, V","CNN, GRU","RMSE = 44,9",,,01/01/2012 - 31/03/2021,1 min,"kaggle.com, bitstamp.com",DATASET!!!!! https://www.kaggle.com/datasets/mczielinski/Bitcoin-historical-data
Gurrib I.; Kamalov F.,Predicting bitcoin price movements using sentiment analysis: a machine learning approach,2022,17,"4,3",Article,BTC,"O, H, L, C, V, Market Cap,SentimentScore","SA, LDA, SVM","Recall, F1-score, Precision",,,17/06/2016 - 21/04/2021,1 d,coinmarketcap.com,
Chowdhury R.; Rahman M.A.; Rahman M.S.; Mahdy M.R.C.,An approach to predict and forecast the price of constituents and index of cryptocurrency using machine learning,2020,66,"4,1",Article,"BTC, BCH, DASH, DOGE, ETH, IOTA, LTC, NEM, NEO","O, H, L, C, V, Market Cap","DLNN, GRNN, KNN,GBT","Accuracy = 90-92%; RMSE = 0,001-0,002",,,01/01/2013 - 31/01/2019,1 d,coinmarketcap.com,https://cci30.com/
Frohmann M.; Karner M.; Khudoyan S.; Wagner R.; Schedl M.,Predicting the Price of Bitcoin Using Sentiment-Enriched Time Series Forecasting,2023,4,"4,0",Article,BTC,"SentimentScore, C","SA, LSTM, TCN, D-Linear, LR, ES","MAE = 2,7-90,5; RMSE = 3,3- 91",,"MAE = 2,67; RMSE = 3,3%",10/02/2021 - 20/11/2022,30 min,"kaggle.com, binance.com",
Zhou Z.; Song Z.; Xiao H.; Ren T.,Multi-source data driven cryptocurrency price movement prediction and portfolio optimization,2023,4,"4,0",Article,"BTC, ETH, XRP, ADA, DOGE, DOT, LTC","0, H, L, C, V, SentimentScore","SA, SVM","Accuracy = 59%, Precision, Recall, F1",SVM,Accuracy = 59%,01/01/2021 - 30/06/2021,1 d,"binance.com, google.com, investing.com",
Poudel S.; Paudyal R.; Cankaya B.; Sterlingsdottir N.; Murphy M.; Pandey S.; Vargas J.; Poudel K.,Cryptocurrency price and volatility predictions with machine learning,2023,4,"4,0",Article,"BTC, DOGE","O, H, L, C, V","LR, LSTM, Bi-LSTM, GRU, TARCH, VAR",,,,01/08/2013 - 01/03/2023,,,
Periketi S.; Kulkarni R.; Dulhare U.N.,LSTM and Prophet Model Fusion Framework for Bitcoin Candlestick Visualization and Price Prediction Forecasting,2023,4,"4,0",Conference paper,BTC,"O, H, L, C, V","LSTM, PROPHET","RMSE = 0,01-0,03; MAE = 0,006-0,0019",LSTM,"MAE = 0,001; RMSE = 2%",21/11/2017 - 19/11/2022,1 d,tiingo.com,
Li X.; Du L.,Bitcoin daily price prediction through understanding blockchain transaction pattern with machine learning methods,2023,4,"4,0",Article,BTC,"C, TrxData","SVM, ANN",MAPE,SVM,MAPE = 4%,19/08/2013 - 31/12/2017,1 d,"google.com, coindesk.com",Google Bigquery
Sriman B.; Iniyal T.T.; Thasmiya J.; Ziyaadh J.T.; Ranjani S.; Thomas S.T.,Price Prediction of Bitcoin and Ethereum - A Machine Learning Approach,2023,4,"4,0",Conference paper,"BTC, ETH","O, H, L, C, V, BlockSize, H-R, ActiveAddr","LSTM, GRU, CNN",,,,01/01/2017 - 31/12/2022,1 d,"kaggle.com, poloniex.com",
Derbentsev V.; Babenko V.; Khrustalev K.; Obruch H.; Khrustalova S.,Comparative performance of machine learning ensemble algorithms for forecasting cryptocurrency prices,2021,35,"3,9",Article,"BTC, ETH, XRP","C, V, ETH, XRP, EMA","RF, GBM","MAPE, RMSE",,,01/01/2015 - 31/12/2019,1 d,yahoo.com,
Wołk K.,Advanced social media sentiment analysis for short-term cryptocurrency price prediction,2020,59,"3,7",Article,BTC,"SentimentScore, C",SA,,,,,,cryptocompare.com,
Al-Yahyaee K.H.; Rehman M.U.; Mensi W.; Al-Jarrah I.M.W.,Can uncertainty indices predict Bitcoin prices? A revisited analysis using partial and multivariate wavelet approaches,2019,87,"3,5",Article,BTC,"VIX, C",Wavelet,,,,31/08/2013 - 30/08/2018,1 d,coindesk.com,
Jana R.K.; Ghosh I.; Das D.,A differential evolution-based regression framework for forecasting Bitcoin price,2021,31,"3,4",Article,BTC,C,"Wavelet, SVM, PRI, DE","MSE, NSE, DA, ",,,10/01/2013 - 23/02/2019,1 d,,Ha citato Cretarola and Figà-Talamanca 2019
Karalevicius V.,Using sentiment analysis to predict interday Bitcoin price movements,2018,120,"3,3",Article,BTC,"C, SentimentScore",SA,,,,,,"quandl.com, coindesk.com, ",
Niveditha V.R.; Sekaran K.; Singh K.A.; Panda S.K.,Effective prediction of bitcoin price using wolf search algorithm and bidirectional LSTM on internet of things data,2021,28,"3,1",Article,BTC,,Bi-LSTM,Accuracy,,,,,,
Yang Y.; Xiong J.; Zhao L.; Wang X.; Hua L.; Wu L.,A Novel Method of Blockchain Cryptocurrency Price Prediction Using Fractional Grey Model,2023,3,"3,0",Article,"BTC, ETH, LTC",,GreyModel,"MAPE, MAE, RMSE",,,11/09/2022 - 25/11/2022,1 d,investing.com,
Rather A.M.,A new method of ensemble learning: case of cryptocurrency price prediction,2023,3,"3,0",Article,"BTC, ETH",C,"DT, SVM, DNN, CPM",R2,,,01/01/2020 - 12/05/2022,1 d,alphavantage.co,
Seifaddini M.; Habibdoust A.,Improving Bitcoin price prediction power by time-scale decomposition and GMDH-type neural network: A comparison of different periods and features,2023,3,"3,0",Article,BTC,C,"Wavelet, ANN","RMSE, MAE",,,01/01/2018 - 01/01/2022,1 d,yahoo.com,
Sharma K.P.; Singh S.K.; Choudhary A.; Goel H.,Price Prediction of Bitcoin using Social Media Activities and Past Trends,2023,3,"3,0",Conference paper,BTC,"C, SentimentScore","ARIMA, GRU, LSTM, RF, SA",RMSE = 270-890,LSTM,RMSE = 270,01/01/2015 - 31/12/2019,1 d,coinbase.com,
Sonare B.; Patil S.; Pise R.; Bajad S.; Ballal S.; Chandre Y.,Analysis of Various Machine Learning and Deep Learning Algorithms for Bitcoin Price Prediction,2023,3,"3,0",Conference paper,BTC,"O, H, L, C, V, BlockSize, H-R, ActiveAddr","ANN, LSTM, SVM","MAPE = 0,94-5,19, Accuracy = 51-78",,,,,,https://www.kaggle.com/datasets/prasoonkottarathil/btcinusd
Ramakrishnan R.; Vadakedath A.; Bhaskar A.; Sachin Kumar S.; Soman K.P.,Data-Driven Volatile Cryptocurrency Price Forecasting via Variational Mode Decomposition and BiLSTM,2023,3,"3,0",Conference paper,"BTC, ETH","O, H, L, C, V, ETH","Bi-LSTM, MultiscaleAnalysis, ARIMA","MAE = 0,02-0,57; RMSE = 0,03-0,61",Bi-LSTM,"MAE = 0,021; RMSE = 3%",11/04/2014 - 17/06/2021,1 d,,
Fazlollahi N.; Ebrahimijam S.,Predicting Cryptocurrency Price Returns by Using Deep Learning Model of Technical Analysis Indicators,2023,3,"3,0",Conference paper,"BTC, ETH, XRP","C, RSI, MFI, STCH, OBV",LSTM,"CDCP, MAE, RMSE",,,01/01/2014 - 31/12/2022,1 d,,
Rafi M.; Mirza Q.A.K.; Sohail M.I.; Aliasghar M.; Aziz A.; Hameed S.,Enhancing Cryptocurrency Price Forecasting Accuracy: A Feature Selection and Weighting Approach With Bi-Directional LSTM and Trend-Preserving Model Bias Correction,2023,3,"3,0",Article,"BTC, ETH","C, SMA, EMA, RSI, WMA, STD, VAR TRIX, ROC, BlockSize, TrxNumber, Diff, H-R, ActiveAddr, AverageTrxValue, MinersRevenue",Bi-LSTM,"RMSE = 3,4-6,6; MAE = 2,4-3,7; MAPE = 0,7-0,8",Bi-LSTM,"RMSE = 3,4%",01/04/2013 - 01/01/2022,1 d,bitinfocharts.com,
Gyamerah S.A.,On forecasting the intraday Bitcoin price using ensemble of variational mode decomposition and generalized additive model,2022,12,"3,0",Article,BTC,C,"MultiscaleAnalysis, GAM",MAPE; RMSE,,,01/09/2019 - 25/09/2019,1 min,bitcoincharts.com,
Nasirtafreshi I.,Forecasting cryptocurrency prices using Recurrent Neural Network and Long Short-term Memory,2022,12,"3,0",Article,"BTC, BCH, LTC, ETH",C,"LSTM, RNN","RMSE, MAE, MAPE, R2",,,15/09/2016 - 05/12/2018,1 d,coinmarketcap.com,
Wu C.-H.; Lu C.-C.; Ma Y.-F.; Lu R.-S.,A new forecasting framework for bitcoin price with LSTM,2018,108,"3,0",Conference paper,BTC,C,LSTM,"MSE, RMSE, MAPE, MAE",,,01/01/2018 - 28/07/2018,1 d,,
Faghih Mohammadi Jalali M.; Heidari H.,Predicting changes in Bitcoin price using grey system theory,2020,46,"2,9",Article,BTC,C,GreyModel,MAPE,,,,1 d,coindesk.com,
Patel N.P.; Parekh R.; Thakkar N.; Gupta R.; Tanwar S.; Sharma G.; Davidson I.E.; Sharma R.,"Fusion in Cryptocurrency Price Prediction: A Decade Survey on Recent Advancements, Architecture, and Potential Future Directions",2022,11,"2,8",Article,,,,,,,,,,survey
Mahdi E.; Leiva V.; Mara’beh S.; Martin-Barreiro C.,A new approach to predicting cryptocurrency returns based on the gold prices with support vector machines during the COVID-19 pandemic using sensor-related data,2021,24,"2,7",Article,"BTC, ETH, BNB, ADA, XRP, DOGE","C, Gold, COVID19",SVM,"MAPE, RMSE, NRMSE",,,04/12/2018 - 14/07/2021,1 d,"gold.org, coinmarketcap.com",
Phaladisailoed T.; Numnonda T.,Machine learning models comparison for bitcoin price prediction,2018,95,"2,6",Conference paper,BTC,"O, H, L, C, V","LSTM, GRU","MSE = 0,00002-0,004; R2 = 0,992",,,01/01/2012 - 08/01/2018,1 min,bitstamp.com,
Pintelas E.; Livieris I.E.; Stavroyiannis S.; Kotsilieris T.; Pintelas P.,Investigating the Problem of Cryptocurrency Price Prediction: A Deep Learning Approach,2020,41,"2,6",Conference paper,"BTC, ETH, XRP",C,"LSTM, Bi-LSTM, SVM, CNN","RMSE, Accuracy, F1",,,01/01/2018 - 31/08/2019,1 h,kraken.com,
Velankar S.; Valecha S.; Maji S.,Bitcoin price prediction using machine learning,2018,91,"2,5",Conference paper,BTC,"BlockSize, TotalBTC, H, L, TrxNumber, V, C, O","BR, RF, GLM, RF",,,,01/01/2012 - 31/12/2017,1 d,"quandl.com, coinmarketcap.com",
Nagula P.K.; Alexakis C.,A new hybrid machine learning model for predicting the bitcoin (BTC-USD) price,2022,10,"2,5",Article,BTC,"O, H, L, C, V, S&P500, H-R, ActiveAddr, Diff, RSI, MACD",DCN,MAE,,,01/02/2014 - 01/09/2021,1 d,"investing.com, yahoo.com, glassnode.com, blockchain.com, macrotrends.net",
Oikonomopoulos S.; Tzafilkou K.; Karapiperis D.; Verykios V.,Cryptocurrency Price Prediction using Social Media Sentiment Analysis,2022,10,"2,5",Conference paper,"BTC, ETH, ADA","SentimentScore, O, H, L, C","SA, VAR","RMSE, MAE, MAPE",,,01/09/2021 - 01/11/2021,,,
Munim Z.H.; Shakil M.H.; Alon I.,Next-Day Bitcoin Price Forecast,2019,62,"2,5",Article,BTC,C,"ARIMA, NNAR","RMSE, MAPE, MASE",,,01/01/2012 - 04/10/2018,1 d,quandl.com,
Cocco L.; Tonelli R.; Marchesi M.,Predictions of bitcoin prices through machine learning based frameworks,2021,22,"2,4",Article,"BTC, ETH","C, SMA, EMA, MACD, MOM, RSI","LSTM, BNN, FFNN, SVM",MAPE,,,01/01/2017 - 30/04/2020,1 d,,
Aggarwal D.; Chandrasekaran S.; Annamalai B.,A complete empirical ensemble mode decomposition and support vector machine-based approach to predict Bitcoin prices,2020,39,"2,4",Article,BTC,C,"MultiscaleAnalysis, SVM","MSE, MAPE",,,03/02/2012 - 03/10/2018,1 d ,investing.com,
Sin E.; Wang L.,Bitcoin price prediction using ensembles of neural networks,2018,84,"2,3",Conference paper,BTC,"BlockSize, TrxCost, Diff, V, H-R, MarketCap, C, TrxFees, TrxNumber, UTXO, MinersRevenue",MLP,Accuracy,,,02/05/2015 - 20/06/2017,1 d,"Bitcoinity.org, Blockchain.info",
Uras N.; Marchesi L.; Marchesi M.; Tonelli R.,Forecasting Bitcoin closing price series using linear regression and neural networks models,2020,37,"2,3",Article,"BTC, LTC, ETH","O, H, L, C, V","SLR, MLR, MLP, LSTM","MAPE, RMSE",,,15/11/2015 - 12/03/2020,1 d,"coinmarketcap.com, yahoo.com",
Luo C.; Pan L.; Chen B.; Xu H.,Bitcoin Price Forecasting: An Integrated Approach Using Hybrid LSTM-ELM Models,2022,9,"2,3",Article,BTC,C,"LSTM, MultiscaleAnalysis",R2; MAE; RMSE; Accuracy,,,24/11/2017 - 27/11/2020,1 d,,multiscale analysis.
Zhang S.; Li M.; Yan C.,The Empirical Analysis of Bitcoin Price Prediction Based on Deep Learning Integration Method,2022,9,"2,3",Article,BTC,"BlockSize, Diff, H-R, TrxNumber, MarketCap, SentimentScore, V, Gold, USD, C","SDAE, SVM, BP","DA = 0,66-0,81; MAPE = 0,02-0,11; RMSE = 132-540",,,29/12/2014 - 30/03/2020,1 d,"bitcoinity.org, blockchain.com, coinmarketcap.com",
Poongodi M.; Vijayakumar V.; Chilamkurti N.,Bitcoin price prediction using ARIMA model,2020,33,"2,1",Article,BTC,"C, MarketCap, TrxNumber",ARIMA,,,,28/04/2013 - 31/07/2017,1 d,coinmarketcap.com,
Pant D.R.; Neupane P.; Poudel A.; Pokhrel A.K.; Lama B.K.,Recurrent Neural Network Based Bitcoin Price Prediction by Twitter Sentiment Analysis,2018,73,"2,0",Conference paper,BTC,"SentimentScore, C","SA, RNN",Accuracy = 77-81%,,,01/01/2015 - 31/12/2017,1 d,coinmarketcap.com,
Fakharchian S.,Designing a forecasting assistant of the Bitcoin price based on deep learning using market sentiment analysis and multiple feature extraction,2023,2,"2,0",Article,BTC,"O, H, L, C, V, SentimentScore","SA, CNN, LSTM","MSE, R2, RMSE, MSE",,,05/02/2021 - 10/09/2021,1 d,yahoo.com,
Zhu Y.; Ma J.; Gu F.; Wang J.; Li Z.; Zhang Y.; Xu J.; Li Y.; Wang Y.; Yang X.,Price Prediction of Bitcoin Based on Adaptive Feature Selection and Model Optimization,2023,2,"2,0",Article,BTC,"Diff, F&G, S&P500, ETH, LTC, BCH, USDT, DJ, NASDAQ, VIX, FTSE100, HSI, HSCEI, Gold, Silver, 10YearYield, Oil, EUR, GPB, CAD, JPY, C",SVM,"R2, MAE, RMSE, MSE",SVM,MAPE = 4%; RMSE = 4%,01/01/2018 - 01/04/2022,1 d,,
Chang T.-J.; Lee T.-S.; Yang C.-T.; Lu C.-J.,A ternary-frequency cryptocurrency price prediction scheme by ensemble of clustering and reconstructing intrinsic mode functions based on CEMultiscaleAnalysisAN,2023,2,"2,0",Article,BTC,C,"ARIMAX, MARS, XGB, MultiscaleAnalysis","MASE, SMAPE",,,01/01/2018 - 01/01/2022,1 d,investing.com,
Ahmed O.M.; Haji L.M.; Ahmed A.M.; Salih N.M.,Bitcoin Price Prediction using the Hybrid Convolutional Recurrent Model Architecture,2023,2,"2,0",Article,BTC,C,"CNN, LSTM",RMSE,,,17/11/2014 - 31/12/2022,1 d,yahoo.com,
Zhao L.; Li Z.; Ma Y.; Qu L.,A novel cryptocurrency price time series hybrid prediction model via machine learning with MATLAB/Simulink,2023,2,"2,0",Article,BTC,C,"MultiscaleAnalysis, LSTM, GRU",MAE; RMSE,LSTM,MAE = 381; RMSE = 1600,18/08/2010 - 03/04/2022,1 d,nasdaq.com,
Dimitriadou A.; Gregoriou A.,Predicting Bitcoin Prices Using Machine Learning,2023,2,"2,0",Article,BTC,"C, XRP, DOGE, LTC, EUR, GPB, JPY","RF, SVM, LogR","Accuracy, Recall, F1, Precision",LogR,Accuracy = 66%,02/12/2014 - 08/07/2019,1 d,yahoo.com,
Khurana S.S.; Singh P.; Garg N.K.,Revolutionize AI Trading Bots with AutoML-Based Multi-timeframe Bitcoin Price Prediction,2023,2,"2,0",Article,BTC,"O, H, L, C, V","XGB, RF","MAE, MAPE, R2",,,01/01/2021 - 31/12/2021,"30 min, 1 h, 4 h",binance.com,
Patra G.R.; Mohanty M.N.,Price Prediction of Cryptocurrency Using a Multi-Layer Gated Recurrent Unit Network with Multi Features,2023,2,"2,0",Article,"BTC, ETH, DOGE","O, H, L, C, V","LSTM, GRU","MSE = 63; RMSE = 250; MAE = 164; MAPE = 0,031; Accuracy = 99,7%",GRU,"MAPE = 1,8%",07/01/2014 - 03/06/2021,1 d,quandl.com,
Gupta R.; Nalavade J.E.,Metaheuristic Assisted Hybrid Classifier for Bitcoin Price Prediction,2023,2,"2,0",Article,BTC,"O, H, L, C","SVM, ANN",,,,,1 d,,
Kumar.a S.; Pv G.; Jackson B.,Machine Learning-Based Timeseries Analysis for Cryptocurrency Price Prediction: A Systematic Review and Research,2023,2,"2,0",Conference paper,,,,,,,,,,survey
Kazeminia S.; Sajedi H.; Arjmand M.,Real-Time Bitcoin Price Prediction Using Hybrid 2D-CNN LSTM Model,2023,2,"2,0",Conference paper,BTC,"O, H, L, C, V, RSI","CNN, LSTM, GRU","R2, MAPE",,,01/10/2014 - 01/02/2023,1 d,coinbase.com,
Jagini A.; Mahajan K.; Aluvathingal N.; Mohan V.; Prajwala T.R.,Twitter Sentiment Analysis for Bitcoin Price Prediction,2023,2,"2,0",Conference paper,BTC,"O, H, L, C, V, SentimentScore","SA, LR","R2, MSE",,,05/02/2021 - 26/04/2022,1 d,kaggle.com,https://www.kaggle.com/discussions/general/309226
Shaikh I.A.K.; Krishna P.V.; Biswal S.G.; Kumar A.S.; Baranidharan S.; Singh K.,Bayesian Optimization with Stacked Sparse Autoencoder based Cryptocurrency Price Prediction Model,2023,2,"2,0",Conference paper,BTC,C,"AE, LogR, LSTM, ARIMA; GRU",MSE; RMSE; MAPE,AE,"MAPE = 0,18%; RMSE = 60",,1 d,,
Kumar T V.; Santhi S.; Shanthi K.G.; Gokila M.,Cryptocurrency Price Prediction using LSTM and Recurrent Neural Networks,2023,2,"2,0",Conference paper,BTC,"O, H, L, C, V","LSTM, RNN","MSE = 0,017-0,026",RNN,MSE = 2%,,"1 d, 1 h",,
Kim J.-M.; Cho C.; Jun C.,Forecasting the Price of the Cryptocurrency Using Linear and Nonlinear Error Correction Model,2022,8,"2,0",Article,"BTC, ETH","O, H, L, C, V","ECM, ARIMA","RMSE, MAE, MAPE",,,01/01/2019 - 27/08/2021,1 d,,
Nayak S.C.,Bitcoin closing price movement prediction with optimal functional link neural networks,2022,8,"2,0",Article,BTC,"O, H, L C, V",ANN,MAPE; NMSE,,,12/09/2014 - 02/12/2020,"1 d, 1 w, 1 month",yahoo.com,https://finance.yahoo.com/quote/BTC-USD/history/
Aditya Pai B.; Devareddy L.; Hegde S.; Ramya B.S.,A Time Series Cryptocurrency Price Prediction Using LSTM,2022,8,"2,0",Conference paper,"BTC, LTC, ETH, XRP","O, H, L, C, V, MarketCap",LSTM,"RMSE = 0,00006-0,00014",,,,,,
Sattarov O.; Jeon H.S.; Oh R.; Lee J.D.,Forecasting bitcoin price fluctuation by twitter sentiment analysis,2020,31,"1,9",Conference paper,BTC,"C, SentimentScore","SA, RF",Accuracy,,,12/03/2018 - 12/05/2018,1 min,quandl.com,
Koo E.; Kim G.,Prediction of Bitcoin price based on manipulating distribution strategy,2021,17,"1,9",Article,BTC,"O, H, L, C, V, MarketCap","MLP, RNN, LSTM",Accuracy; Precision; Recall; F1,,,28/04/2013 - 27/04/2020,1 d,,
Ferdiansyah; Othman S.H.; Zahilah Raja Md Radzi R.; Stiawan D.; Sazaki Y.; Ependi U.,A LSTM-Method for Bitcoin Price Prediction: A Case Study Yahoo Finance Stock Market,2019,46,"1,8",Conference paper,BTC,"O, H, L, C, V, AdjC",LSTM,RMSE = 288-630,,,27/06/2014 - 27/06/2019,1 d,cryptocompare.com,
Aggarwal A.; Gupta I.; Garg N.; Goel A.,Deep Learning Approach to Determine the Impact of Socio Economic Factors on Bitcoin Price Prediction,2019,45,"1,8",Conference paper,BTC,"C, SentimentScore, Gold","CNN, LSTM, GRU, SA",RMSE = 32-201,,,,5 min,"poloniex.com, datahub.io",
Shin M.; Mohaisen D.; Kim J.,Bitcoin Price Forecasting via Ensemble-based LSTM Deep Learning Networks,2021,16,"1,8",Conference paper,BTC,"O, H, L, C, V",LSTM,"RMSE, Accuracy",,,01/12/2014 - 11/11/2018,"1 d, 1 h, 1 min",,
Erfanian S.; Zhou Y.; Razzaq A.; Abbas A.; Safeer A.A.; Li T.,Predicting Bitcoin (BTC) Price in the Context of Economic Theories: A Machine Learning Approach,2022,7,"1,8",Article,BTC,"H-R, Diff, TrxNumber, BlockSize, TrxFees, TrxCost, MarketCap, S&P500, NASDAQ, DJ, WTI, Gold, Oil, C, OrderBook, SMA, CCI","OLS, SVM, MLP",RMSE,,,18/08/2010 - 17/09/2018,1 month,"blockchain.com, bitfinex.com",
Aljadani A.,DLCP2F: a DL-based cryptocurrency price prediction framework,2022,7,"1,8",Article,"BTC, ETH","O, H, L, C, V","Bi-LSTM, GRU","RMSE, MAE, MAPE",,,17/09/2014 - 12/11/2017,1 d, yahoo.com,
Otabek S.; Choi J.,Twitter Attribute Classification With Q-Learning on Bitcoin Price Prediction,2022,7,"1,8",Article,BTC,"SentimentScore, C",Q-learning,"MAPE, RMSE, R2",,,01/04/2014 - 14/12/2018,1 d,,
Wirawan I.M.; Widiyaningtyas T.; Hasan M.M.,Short Term Prediction on Bitcoin Price Using ARIMA Method,2019,42,"1,7",Conference paper,BTC,C,ARIMA,MAPE,,,01/03/2013 - 07/06/2019,1 d,coingecko.com,
Loginova E.; Tsang W.K.; van Heijningen G.; Kerkhove L.-P.; Benoit D.F.,Forecasting directional bitcoin price returns using aspect-based sentiment analysis on online text data,2021,15,"1,7",Article,BTC,"O, H, L , C, V",SA,Accuracy,,,20/02/2017 - 06/04/2019,1 d,"cryptocompare.com, reddit.com, bitcointalk.com",
Mohapatra S.; Ahmed N.; Alencar P.,KryptoOracle: A Real-Time Cryptocurrency Price Prediction Platform Using Twitter Sentiments,2019,38,"1,5",Conference paper,BTC,"SentimentScore, O, H, L, C","SA, XGBoost",RMSE,,,15/07/2019 - 14/'8/2019,1 min,cryptocompare.com,
Gupta A.; Nain H.,Bitcoin Price Prediction Using Time Series Analysis and Machine Learning Techniques,2021,13,"1,4",Conference paper,BTC,"O, H, L, C, V","ARIMA, LSTM, GRU, SVM",Accuracy,,,11/11/2013 - 04/08/2017,1 d,coinmarketcap.com,
Serafini G.; Yi P.; Zhang Q.; Brambilla M.; Wang J.; Hu Y.; Li B.,Sentiment-Driven Price Prediction of the Bitcoin based on Statistical and Deep Learning Approaches,2020,23,"1,4",Conference paper,BTC,"SentimentScore, V","ARIMAX, LSTM, SA",MSE,,,01/04/2017 - 31/10/2019,1 d,quandl.com,
Mittal A.; Dhiman V.; Singh A.; Prakash C.,Short-Term Bitcoin Price Fluctuation Prediction Using Social Media and Web Search Data,2019,35,"1,4",Conference paper,BTC,"SentimentScore, C, V","RNN, LSTM, ARIMA, SA, LR",Accuracy,,,09/04/2014 - 07/01/2019,"1 min, 1 d",,
Hashish I.A.; Forni F.; Andreotti G.; Facchinetti T.; Darjani S.,A Hybrid Model for Bitcoin Prices Prediction using Hidden Markov Models and Optimized LSTM Networks,2019,35,"1,4",Conference paper,BTC,"C, OrderBook, EMA, SMA, MACD, V","LSTM, ARIMA, Markov","MSE, RMSE, MAE",,,20/08/2018 - 20/09/2018,2 min,coinbase.com,
Ibrahim A.; Kashef R.; Li M.; Valencia E.; Huang E.,Bitcoin Network Mechanics: Forecasting the BTC Closing Price Using Vector Auto-Regression Models Based on Endogenous and Exogenous Feature Variables,2020,22,"1,4",Article,BTC,"O, L, H, C, AddrNumber, totalBTC, BlockSize, Diff, TrxNumber, MinersRevenue, H-R, ",VAR,"RMSE = 0,01, MAE = 0,1,  MAPE = 0,1",,,04/01/2009 - 01/08/2020,1 d,"quandl.com, Rbitcoincharts.com",
Kurbucz M.T.,Predicting the price of Bitcoin by the most frequent edges of its transaction network,2019,34,"1,4",Article,BTC,"C, TrxData","ANN, RF",Accuracy = 60%,,,09/11/2016 - 05/02/2018,1 d,coindesk.com,
Han J.-B.; Kim S.-H.; Jang M.-H.; Ri K.-S.,Using Genetic Algorithm and NARX Neural Network to Forecast Daily Bitcoin Price,2020,21,"1,3",Article,BTC,C,ANN,MSE,,,,1 d,,
Al-Nefaie A.H.; Aldhyani T.H.H.,Bitcoin Price Forecasting and Trading: Data Analytics Approaches,2022,5,"1,3",Article,BTC,"O, H, L, C, V","GRU, MLP","MSE = 8*10^(-5)-0,017, RMSE = 8*10^(-5)-0,017, R% = 98,7-99,1, R2 = 95,5-98,2",,,01/01/2021 - 16/06/2022,1 d,marketwatch.com,
Zhang X.; Zhang L.; Zhou Q.; Jin X.,A Novel Bitcoin and Gold Prices Prediction Method Using an LSTM-P Neural Network Model,2022,5,"1,3",Article,BTC,"C, Gold","LSTM, Wavelet","MSE, MAPE, R2, RMSE",,,9/11/2016 - 9/10/2021,1 d,quandl.com,
Wang G.; Hausken K.,A Bitcoin price prediction model assuming oscillatory growth and lengthening cycles,2022,5,"1,3",Article,BTC,C,DE,,,,23/07/2010 - 21/06/2021,1 d,,
Akcora C.G.; Dey A.K.; Gel Y.R.; Kantarcioglu M.,Forecasting bitcoin price with graph chainlets,2018,45,"1,3",Conference paper,BTC,"C, TrxData","RF, ARIMA",RMSE,,,01/01/2010 - 31/12/2018,1 d,bitcoin.org,
Cho D.-H.; Moon S.-H.; Kim Y.-H.,Genetic feature selection applied to kospi and cryptocurrency price prediction,2021,11,"1,2",Article,BTC,C,"GP, SVM, RF","Precision, Recall, Accuracy, F1",,,01/01/2013 - 31/12/2019,1 d,investing.com,
Jagannath N.; Barbulescu T.; Sallam K.M.; Elgendi I.; Okon A.A.; McGrath B.; Jamalipour A.; Munasinghe K.,A Self-Adaptive Deep Learning-Based Algorithm for Predictive Analysis of Bitcoin Price,2021,11,"1,2",Article,BTC,"C, BlockSize, H-R, Diff, TrxNumber, BlockHeight, ActiveAddr, MinersRevenue, Addresses>1, Addresses>10, Addresses>100, UTXO, V",LSTM,MAE,,,01/01/2016 - 31/12/2020,1 d,"blockchain.info, glassnode.com",
Chevallier J.; Guégan D.; Goutte S.,Is It Possible to Forecast the Price of Bitcoin?,2021,11,"1,2",Article,BTC,"C, ETH, LTC, XRP, BCH, S&P500, DJ, VIX, NASDAQ, NIKKEI225, EUR, GPB, Oil, Gold, Silver ","KNN, SVM, ANN, RF, AdaBoost, Ridge","RMSE, MAE, MAPE",,,13/01/2013 - 31/12/2020,1 d,yahoo.com,
Tandon S.; Tripathi S.; Saraswat P.; Dabas C.,Bitcoin Price Forecasting using LSTM and 10-Fold Cross validation,2019,30,"1,2",Conference paper,BTC,"O,H, L, C, V, Market Cap","RNN, LSTM, LR, RF","MAE = 0,15",,,,1 d,coinmarketcap.com,
Li Y.; Zheng Z.; Dai H.-N.,Enhancing bitcoin price fluctuation prediction using attentive LSTM and embedding network,2020,17,"1,1",Article,BTC,"C, SMA, BB, MACD",LSTM,"Accuracy, Precision, Recall, F1",,,,,,
Zeeshan F.; Nepal N.; Norouzifard M.,Measurement and forecasting of fluctuating Cryptocurrency prices using deep learning,2023,1,"1,0",Conference paper,"BTC, ETH","O, H, L, C, V","LSTM, Bi-LSTM","MAPE, RMSE, MAE",,,01/01/2014 - 31/12/2021,1 d,kaggle.com,
Wang J.; Feng K.; Qiao G.,A hybrid deep learning model for Bitcoin price prediction: data decomposition and feature selection,2023,1,"1,0",Article,BTC,"ActiveAddr, H-R, Diff, TrxFees, TrxNumber, MarketCap, C, EUR, SentimentScore","LSTM, GRU, MultiscaleAnalysis",MAPE,,,,,"bicoincharts.com, yahoo.com",GBBI (Green Bond Balanced Index)
Patel N.; Vasani N.; Jadav N.K.; Gupta R.; Tanwar S.; Polkowski Z.; Alqahtani F.; Gafar A.,F-LSTM: Federated learning-based LSTM framework for cryptocurrency price prediction,2023,1,"1,0",Article,BTC,"O, H, L , C, V",LSTM,"MAE, MAPE",,,,1 d,yahoo.com,Federated Learning
Nair M.; Marie M.I.; Abd-Elmegid L.A.,Prediction of Cryptocurrency Price using Time Series Data and Deep Learning Algorithms,2023,1,"1,0",Article,BTC,"O, H, L, C, V","LSTM, GRU, Bi-LSTM, RNN, CNN","RMSE, MAE, MSE, R2",,,17/09/2014 - 01/02/2022,1 d,kaggle.com,
Kumar A.; Srivastava V.; Chaubey M.K.; Sehgal M.,Bitcoin Price Prediction Using Sentiment Analysis and Long Short-Term Memory (LSTM),2023,1,"1,0",Article,BTC,SentimentScore,"SA, LSTM",,,,,,,
Amirshahi B.; Lahmiri S.,Investigating the effectiveness of Twitter sentiment in cryptocurrency close price prediction by using deep learning,2023,1,"1,0",Article,"BTC, ETH, XRP","SentimentScore, C","SA, LSTM, CNN",RMSE,,,01/01/2021 - 31/12/2021,1 d,investing.com,
Angelo M.D.; Fadhiilrahman I.; Purnama Y.,Comparative Analysis of ARIMA and Prophet Algorithms in Bitcoin Price Forecasting,2023,1,"1,0",Conference paper,BTC,"O, H, L, C, V","PROPHET, ARIMA","MAE, MAPE, RMSE, MSE",,,01/02/2019 - 27/02/2021,1 d,,
Srivastava V.; Dwivedi V.K.; Singh A.K.,Cryptocurrency Price Prediction Using Enhanced PSO with Extreme Gradient Boosting Algorithm,2023,1,"1,0",Article,"BTC, ETH, DOGE","O, C, V",XGB,"MAE, MSE, RMSE",,,01/01/2017 - 31/12/2021,1 h,,
Khan M.S.; Bazai S.U.; Ghafoor M.I.; Marjan S.; Ameen M.; Shah S.A.A.,Forecasting Cryptocurrency Prices Using a Gated Recurrent Unit Neural Network,2023,1,"1,0",Conference paper,"BTC, ETH, LTC",C,GRU,"MAPE, RMSE",,,01/10/2021 - 01/10/2022,1 d,binance.com,
Jin C.; Li Y.,Cryptocurrency Price Prediction Using Frequency Decomposition and Deep Learning,2023,1,"1,0",Article,"BTC, ETH",,"MultiscaleAnalysis, LSTM, GRU","MAE, MAPE, RMSE",,,23/07/2017 - 30/09/2020,1 d,,
Belcastro L.; Carbone D.; Cosentino C.; Marozzo F.; Trunfio P.,Enhancing Cryptocurrency Price Forecasting by Integrating Machine Learning with Social Media and Market Data,2023,1,"1,0",Article,"BTC, ETH","C, V, SentimentScore","XGB, CNN, RF, GRU, LSTM, SA","RMSE, MAE, R2, MAPE",,,01/01/2021 - 31/03/2023,1 d,coinmarketcap.com,
Simtharakao S.; Sutivong D.,Exploring Normalization Techniques in Neural Networks for Bitcoin Candlestick Price Prediction,2023,1,"1,0",Conference paper,BTC,"O, H, L, C","LSTM, GRU","RMSE, MAPE, MSE",,,01/08/2017 - 31/08/2022,1 d,cryptodatadownload.com,
Parikh H.; Panchal N.; Sharma A.,Cryptocurrency Price Prediction Using Machine Learning,2023,1,"1,0",Conference paper,"BTC, ETH","O, H, L, C, V","KNN, PROPHET, ARIMA, LR",RMSE,,,17/07/2014 - 01/01/2021,1 d,yahoo.com,
Nithiya S.; Parimala G.,Bitcoin Price Prediction Using Machine Learning,2023,1,"1,0",Conference paper,BTC,"C, TrxNumber, Gold, S&P500, Oil","LR, SVM, RF, GB, Lasso","MSE, RMSE, MAE",,,,,,
Nayak S.C.; Das S.; Dehuri S.; Cho S.-B.,An Elitist Artificial Electric Field Algorithm Based Random Vector Functional Link Network for Cryptocurrency Prices Forecasting,2023,1,"1,0",Article,"BTC, ETH, XRP, ZEC, XLM",C,"ARIMA, SVM, LSTM, MLP","MAPE, R2, RMSE, MAE",,,17/04/2017 - 06/05/2021,1 d,cryptodatadownload.com,
Bejan C.A.; Bucerzan D.; Crăciun M.D.,Perspectives of Cryptocurrency Price Prediction,2023,1,"1,0",Conference paper,,,,,,,,,,Survey
Karahyla J.K.; Sharma N.; Chamoli S.; Shirgire A.; Kant R.; Chauhan A.,Predicting Price Direction of Bitcoin based on Hybrid Model of LSTM and Dense Neural Network Approach,2023,1,"1,0",Conference paper,BTC,C,"LSTM, DNN, PCA","Accuracy, Precision, Recall",LSTM,Accuracy = 90%,,,,
Yan K.; Wang Y.,Prediction of Bitcoin Prices’ Trends with Ensemble Learning Models,2023,1,"1,0",Conference paper,BTC,C,,,,,,1 d,,
Sung S.-H.; Kim J.-M.; Park B.-K.; Kim S.,A Study on Cryptocurrency Log-Return Price Prediction Using Multivariate Time-Series Model,2022,4,"1,0",Article,"BTC, ETH, BNB","C, Volatility","GARCH, ARIMA, LSTM, RNN, GRU","MAE, MSE, RMSE",,,31/05/2018 - 31/05/2022,1 d,binance.com,
Kim J.-H.; Sung H.,Understanding Bitcoin Price Prediction Trends under Various Hyperparameter Configurations,2022,4,"1,0",Article,BTC,C,LSTM,MSE,,,28/10/2017 - 30/06/2022,1 d,upbit.com,
Seroyizhko P.; Zhexenova Z.; Shafiq M.Z.; Merizzi F.; Galassi A.; Ruggeri F.,A Sentiment and Emotion Annotated Dataset for Bitcoin Price Forecasting Based on Reddit Posts,2022,4,"1,0",Conference paper,BTC,"SentimentScore, C","SA, LSTM, GRU, Transformer","RMSE, MAE, MAPE",,,,,kaggle.com,https://www.kaggle.com/datasets/paulsero/bitcoin-reddit-sentiment-dataset
Dinshaw C.; Jain R.; Hussain S.A.I.,Statistical Scrutiny of the Prediction Capability of Different Time Series Machine Learning Models in Forecasting Bitcoin Prices,2022,4,"1,0",Conference paper,BTC,"O, H, L, C, V","LSTM, ARIMA, SARIMA","RMSE, MAPE, R2",,,01/03/2021 - 25/07/2022,1 h,data.cryptocompare.com,
Zamani N.A.M.; Yan J.L.S.; Yusof A.M.,Cryptocurrency Price Prediction using Bi-GRU Model with English and Malay News Sentiment Features,2022,4,"1,0",Conference paper,"BTC, ETH","SentimentScore, O, H, L, C, V","GRU, SA","RMSE, MAPE",,,01/01/2021 - 31/12/2021,1 d,"newsapi.org, cryptodatadownload.com",
Yogeshwaran S.; Kaur M.J.; Maheshwari P.,Project based learning: Predicting bitcoin prices using deep learning,2019,23,"0,9",Conference paper,BTC,C,"CNN, SVM",,,,01/01/2015 - 01/01/2019,"5 min, 2 h",poloniex.com,
Da Silva R.G.; Dal Molin Ribeiro M.H.; Fraccanabbia N.; Mariani V.C.; Dos Santos Coelho L.,Multi-step ahead Bitcoin Price Forecasting Based on MultiscaleAnalysis and Ensemble Learning Methods,2020,14,"0,9",Conference paper,BTC,"O, H, L, C","MultiscaleAnalysis, SVM, KNN, GLM, ANN","MAPE, RMSE",,,18/07/2010 - 21/02/2016,1 d,,
Reddy L.S.; Sriramya P.,A research on bitcoin price prediction using machine learning algorithms,2020,14,"0,9",Article,BTC,"C, V","Lasso, Ridge, KNN, PolynomialR, LinearR, RF",Accuracy,,,,,coinmarketcap.com,Survey
Luo J.,Bitcoin price prediction in the time of COVID-19,2020,13,"0,8",Conference paper,BTC,"COVID19, SentimentScore, O, H, L, C, V","AdaBoost, RF, DT, SVM, SA",RMSE,,,01/01/2020 - 31/07/2020,1 d,yahoo.com,
Khedmati M.; Seifi F.; Azizi M.J.,Time series forecasting of bitcoin price based on autoregressive integrated moving average and machine learning approaches,2020,13,"0,8",Article,BTC,"O, H, L, C","ARIMA, RF, SVM, ANN","RMSE, MAPE",,,18/12/2019 - 01/03/2020,1 d,investing.com,
Ali M.; Shatabda S.,A data selection methodology to train linear regression model to predict bitcoin price,2020,13,"0,8",Conference paper,BTC,"C, SMA, EMA, O, H, L, V",LR,Accuracy,,,01/12/2014 - 22/04/2020,1 m,kaggle.com,https://www.kaggle.com/datasets/mczielinski/bitcoin-historical-data
Derbentsev V.; Datsenko N.; Babenko V.; Pushko O.; Pursky O.,Forecasting Cryptocurrency Prices Using Ensembles-Based Machine Learning Approach,2021,7,"0,8",Conference paper,"BTC, ETH, XRP","C, V ","RF, GBM","MAPE = 2,5%, RMSE = 260-305",,,01/01/2015 - 31/12/2019,1 d,yahoo.com,
Pillai S.; Biyani D.; Motghare R.; Karia D.,Price Prediction and Notification System for cryptocurrency Share Market Trading,2021,7,"0,8",Conference paper,"BTC, ETH","SentimentScore, C","LSTM, SA, RF","RMSE, Accuracy",,,01/03/2019 - 31/07/2020,1 d,,
Guo Q.; Lei S.; Ye Q.; Fang Z.,MRC-LSTM: A Hybrid Approach of Multi-scale Residual CNN and LSTM to Predict Bitcoin Price,2021,7,"0,8",Conference paper,"BTC, ETH, LTC","O, H, L, C, V, S&P500, VIX, SentimentScore","LSTM, CNN","MAE, RMSE, MAPE",,,25/10/2015 - 17/10/2020,1 d,quandl.com,
Roy S.; Nanjiba S.; Chakrabarty A.,Bitcoin Price Forecasting Using Time Series Analysis,2018,28,"0,8",Conference paper,BTC,"O, C, TrxVolume, MarketCap",ARIMA,Accuracy = 88%,,,01/07/2013 - 01/08/2017,1 d,coindesk.com,
Armin A.; Shiri A.; Bahrak B.,Comparison of Machine Learning Methods for Cryptocurrency Price Prediction,2022,3,"0,8",Conference paper,"BTC, ETH, BNB","O, H, L, C, V","RNN, LSTM, KNN, DNN, ARIMA, Lasso, DT, RF, LR","MSE, MAE",,,17/09/2014 - 31/07/2022,1 d,yahoo.com,
Malhotra B.; Chandwani C.; Agarwala P.; Mann S.,Bitcoin Price Prediction Using Machine Learning and Deep Learning Algorithms,2022,3,"0,8",Conference paper,BTC,"O, H, L, C, V","LR, Lasso, LSTM, GRU, ARIMA",MAE,,,,1 d,cryptocompare.com,
Mba J.C.; Mwambi S.M.; Pindza E.,A Monte Carlo Approach to Bitcoin Price Prediction with Fractional Ornstein–Uhlenbeck Lévy Process,2022,3,"0,8",Article,BTC,C,MonteCarlo,,,,28/04/2013 - 18/07/2019,1 d,coinmarketcap.com,
Sabri M.H.B.M.; Muneer A.; Taib S.M.,Cryptocurrency Price Prediction using Long Short-Term Memory and Twitter Sentiment Analysis,2022,3,"0,8",Conference paper,BTC,"SentimentScore, O, H, L, C, V","SA, LSTM",Accuracy,,,,1 d,yahoo.com,
Agarwal S.; Muppalaneni N.B.,Stock Market Price and Cryptocurrency Price Prediction,2022,3,"0,8",Conference paper,BTC,"O, H, L, C, V","LSTM, Prophet, ARIMA","Accuracy, RMSE",,,29/12/2014 - 31/07/2020,1 d,,
Ahamed S.A.; Ravi C.,Novel deep learning model for bitcoin price prediction by multiplicative LSTM with attention mechanism and technical indicators,2022,3,"0,8",Article,BTC,"O, H, L, C, V","LSTM, Attention",,,,,1 d,,
Akbar S.B.; Thanupillai K.; Govindarajan V.,Forecasting Bitcoin price using time opinion mining and bi-directional GRU,2022,3,"0,8",Article,BTC,"C, SentimentScore","RNN, LSTM, GRU, ","RMSE = 1100, MAPE = 7,4",,,01/01/2016 - 31/01/2020,1 min,coinbase.com,
De Leon L.G.N.; Gomez R.C.; Tacal M.L.G.; Taylar J.V.; Nojor V.V.; Villanueva A.R.,Bitcoin Price Forecasting using Time-series Architectures,2022,3,"0,8",Conference paper,BTC,"O, H, L, C, V","ARIMA, SARIMA, GRU, RNN, LSTM, PROPHET","RMSE = 1500-2700, MSE = 2200000-740000000",,,01/01/2018 - 31/12/2022,1 d,yahoo.com,
Alghamdi S.; Alqethami S.; Alsubait T.; Alhakami H.,Cryptocurrency Price Prediction using Forecasting and Sentiment Analysis,2022,3,"0,8",Article,"BTC, ETH","O, H, L, C, SentimentScore","LSTM, SVM, NB, SA","MAE = 0,25, MSE, RMSE, Accuracy = 95%",,,17/09/2014 - 31/03/2022,1 min,coinmarketcap.com,
Li T.,Prediction of Bitcoin Price Based on LSTM,2022,3,"0,8",Conference paper,BTC,"O, H, L, C, V",LSTM,RMSE,,,07/01/2014 - 17/10/2017,1 d,kaggle.com,
Soni K.; Singh S.,Bitcoin Price Prediction- an Analysis of Various Regression Methods,2022,3,"0,8",Conference paper,BTC,"O, H, L, C, V","RF, DT, LR, XGB, SVM",RMSE,,,01/01/2010 - 31/12/2020,1 d,coinmarketcap.com,
Albariqi R.; Winarko E.,Prediction of Bitcoin Price Change using Neural Networks,2020,12,"0,8",Conference paper,BTC,"C, BlockSize, Diff, H-R, MarketCap, TrxNumber, V, AddrNumber, TrxFees","MLP, RNN","Accuracy, Precision, Recall",,,01/08/2010 - 31/10/2017,2 d,blockchain.info,
Wang Y.; Chen R.,Cryptocurrency price prediction based on multiple market sentiment,2020,12,"0,8",Conference paper,"BTC, ETH","O, H, L, C, V, SentimentScore, TrxData","LSTM, CNN, SVM, SA","MAPE, MAE, RMSE",,,01/01/2018 - 29/04/2019,,"binance.com, huobi.com",
Othman A.H.A.; Kassim S.; Rosman R.B.; Redzuan N.H.B.,Prediction accuracy improvement for Bitcoin market prices based on symmetric volatility information using artificial neural network approach,2020,11,"0,7",Article,BTC,"O, H, L, C",ANN,Accuracy,,,01/01/2014 - 24/07/2019,1 d,cointelegraph.com,
Kavitha H.; Sinha U.K.; Jain S.S.,Performance Evaluation of Machine Learning Algorithms for Bitcoin Price Prediction,2020,11,"0,7",Conference paper,BTC,"O, H, L, C, V","RNN, LSTM, LR","RMSE, MAE, R2",,,01/01/2012 - 13/03/2019,1 min,kaggle.com,
Felizardo L.; Oliveira R.; Del-Moral-Hernandez E.; Cozman F.,"Comparative study of Bitcoin price prediction using WaveNets, Recurrent Neural Networks and other Machine Learning Methods",2019,17,"0,7",Conference paper,BTC,"O, H, L, C, V","ARIMA, RF, SVM, LSTM, WaveNets","MAE, MSE, RMSE, MAPE, MPE",,,,1 d,investing.com,
Rizwan M.; Narejo S.; Javed M.,Bitcoin price prediction using Deep Learning Algorithm,2019,17,"0,7",Conference paper,BTC,"O, H, L, C, V, H-R, TrxFees",GRU,"Accuracy, MSE, R2",,,19/08/2013 - 19/07/2016,1 d,,
Fernandes M.; Khanna S.; Monteiro L.; Thomas A.; Tripathi G.,Bitcoin Price Prediction,2021,6,"0,7",Conference paper,BTC,"C, SentimentScore","RNN, LSTM, GRU, SA",,,,,1 d,"coinbase.com, coinmarketcap.com, , reddit.com",
Gyamerah S.A.,"Two-Stage Hybrid Machine Learning Model for High-Frequency Intraday Bitcoin Price Prediction Based on Technical Indicators, Variational Mode Decomposition, and Support Vector Regression",2021,6,"0,7",Article,BTC,"C, MACD, RSI, ROC, WillR, BB, SMA","MultiscaleAnalysis, SVM","MAE, RMSE",,,29/03/2020 - 22/11/2020,1 min,cryptodatadownload.com,
Cerda G.C.; De La Maza J.R.,Bitcoin price prediction through opinion mining,2019,16,"0,6",Conference paper,BTC,"SentimentScore, C","SA, LSTM","RMSE, MAE",,,01/07/2018 - 31/12/2018,5 min,"bitcoincharts.com, ",
Linardatos P.; Kotsiantis S.,Bitcoin Price Prediction Combining Data and Text Mining,2020,10,"0,6",Conference paper,BTC,"SentimentScore, C","LSTM, SA",RMSE,,,,,,
Wang Y.; Wang H.,Using networks and partial differential equations to forecast bitcoin price movement,2020,9,"0,6",Article,BTC,"TrxData, SentimentScore, O, C",PDE,Accuracy,,,01/01/2017 - 31/12/2017,1 d,bitcoin.org,
Zhengyang W.; Xingzhou L.; Jinjin R.; Jiaqing K.,Prediction of cryptocurrency price dynamics with multiple machine learning techniques,2019,14,"0,6",Conference paper,"BTC, ETH","O,C, H, L, MarketCap","ANN, LSTM","RMSE, MAE",,,07/08/2015 - 02/06/2018,1 d,,
Singh A.; Kumar A.; Akhtar Z.,Bitcoin Price Prediction: A Deep Learning Approach,2021,5,"0,6",Conference paper,BTC,"O,C, H, L, V","LSTM, Bi-LSTM, GRU, Bi-GRU","RMSE, MAE, R2",,,01/03/2016 - 26/02/2021,1 d,yahoo.com,
Nithyakani; Tom R.J.; Gupta P.; Shanthini A.; John V.M.; Sharma V.,Prediction of Bitcoin Price Using Bi-LSTM Network,2021,5,"0,6",Conference paper,BTC,"O,C, H, L, V",Bi-LSTM,MAPE = 13%,,,01/01/2012 - 14/09/2020,1 d,kaggle.com,
Shahzad M.K.; Bukhari L.; Khan T.M.; Islam S.M.R.; Hossain M.; Kwak K.-S.,BPTE: Bitcoin Price Prediction and Trend Examination using Twitter Sentiment Analysis,2021,5,"0,6",Conference paper,BTC,"SentimentScore, C","SA, DNN, LSTM, LR",,,,,,,
Sridhar S.; Sanagavarapu S.,Analysis and prediction of bitcoin price using bernoulli RBM-based deep belief networks,2021,5,"0,6",Conference paper,BTC,"O, H, L, C, V",ANN,"MAE, RMSE, MSE",,,01/01/2012 - 31/03/2021,"1 min, 1 h, 1 d",,
Joshila G.L.K.; Asha P.; Nandini D.U.; Kalaiarasi G.,Price Prediction of Bitcoin,2021,5,"0,6",Conference paper,BTC,"C, O",SVM,,,,01/01/2018 - 31/12/2020,1 d,"coindesk.com, investing.com",
Jiang H.,Cryptocurrency price forecasting based on short-term trend KNN model,2021,5,"0,6",Conference paper,BTC,"O, H, L, C, V",KNN,RMSE = 1100-5700,,,18/07/2010 - 29/05/2021,1 d,,
Yao Y.; Yi J.; Zhai S.; Lin Y.; Kim T.; Zhang G.; Lee L.Y.,Predictive analysis of cryptocurrency price using deep learning,2018,20,"0,6",Article,"BTC, LTC","V, MarketCap, O, H, L, C, CirculatingSupply, MaxSupply","LSTM, RNN","MAE, MAPE, RMSE",,,01/01/2012 - 01/03/2018,1 min,,
Rane P.V.; Dhage S.N.,Systematic Erudition of Bitcoin Price Prediction using Machine Learning Techniques,2019,13,"0,5",Conference paper,BTC,,"SVM, ARIMA, MLP, LSTM",Accuracy,,,,,,survey così così
Bangroo R.; Gupta U.; Sah R.; Kumar A.,Cryptocurrency Price Prediction using Machine Learning Algorithm,2022,2,"0,5",Conference paper,"BTC, ETH, XRP, XLM","O, H, L, C, V, MarketCap","LR, RF, XGB","R2, MAE, MSE",,,,1 d,kaggle.com,https://www.kaggle.com/datasets/jessevent/all-crypto-currencies
Ma J.; Zhu Y.; Xu J.; Li Y.; Zhang Y.; Wang J.,Research on Bitcoin price prediction based on Support Vector Regression and its variant combination model,2022,2,"0,5",Conference paper,BTC,"C, ETH, LTC, S&P500, Gold, Silver, Oil, F&G, EUR, USD","SVM, ARIMA, XGB","MAE, RMSE, MAPE, R2, MSE",,,01/01/2018 - 01/04/2022,1 d,,
Mahayana D.; Madyaratri S.A.; Fadhl 'Abbas M.,Predicting Price Movement of the BTCUSDT Pair Using LightGBM Classification Modeling for Cryptocurrency Trading,2022,2,"0,5",Conference paper,BTC,"O, H, L, C, V, NumberTrx ",LGBM,ROI,,,01/01/2021 - 31/03/2021,1 m,binance.com,
Bansal P.; Jain S.,Cryptocurrency Price Prediction Using Twitter and News Articles Analysis,2022,2,"0,5",Conference paper,"BTC, ETH","O, C, V, SentimentScore","SA, LSTM, GRU, CNN","MAE, RMSE",,,01/01/2018 - 30/12/2020,1 d,,
Polpinij J.; Saktong N.,A Comparative Study of Machine Learning Approaches for Predicting Close-Price Cryptocurrency,2022,2,"0,5",Conference paper,"BTC, ETH, LTC","O, H, L, C, V","SVM, RF, LSTM","RMSE = 0,050-0,090, MAPE = 1,9-2,6",,,01/01/2014 - 31/12/2022,1 d,"cryptocompare.com, coinmarketcap.com",
Akgul A.; Şahin E.E.; Şenol F.Y.,"Blockchain-based Cryptocurrency Price Prediction with Chaos Theory, Onchain Analysis, Sentiment Analysis and Fundamental-Technical Analysis",2022,2,"0,5",Article,,,,,,,,,,Survey
Wang Y.; Yan K.,Prediction of Significant Bitcoin Price Changes Based on Deep Learning,2022,2,"0,5",Conference paper,BTC,C,"LSTM, GRU",AUC,,,01/09/2014 - 31/05/2022,1 d,yahoo.com,
Casillo M.; Lombardi M.; Lorusso A.; Marongiu F.; Santaniello D.; Valentino C.,Sentiment Analysis and Recurrent Radial Basis Function Network for Bitcoin Price Prediction,2022,2,"0,5",Conference paper,BTC,"SentimentScore, C","SA, RNN",Accuracy,,,,,reddit.com,
Aparicio J.T.; Romao M.; Costa C.J.,"Predicting Bitcoin prices The effect of interest rate, search on the internet, and energy prices",2022,2,"0,5",Conference paper,BTC,"Energy prices, Treasury Note Yield Index, GoogleSearches","LR, RidgeR, LassoR, GBR, MLPR, RFR","MAE, MSE, R2",,,31/12/2009 - 01/06/2022,1 d,,
Mittal M.; Geetha G.,Predicting Bitcoin Price using Machine Learning,2022,2,"0,5",Conference paper,BTC,"O, H, L, C, V",GRU,"RMSE = 1987, MAPE = 18%",,,01/01/2014 - 31/12/2020,1 d,kaggle.com,
Yu D.,Cryptocurrency Price Prediction Based on Long-Term and Short-Term Integrated Learning,2022,2,"0,5",Conference paper,"BTC, ETH","O, H, L, C, V",SVM,"RMSE, R2",,,,1 d,,
McCoy M.; Rahimi S.,Prediction of Highly Volatile Cryptocurrency Prices Using Social Media,2020,8,"0,5",Article,"BTC, ETH, LTC","SentimentScore, O, H, L, C","SA, KMeans, SVM",,,,,15 min,,"Unlike stock exchanges, which shut down for several hours or days at a time, digital currency prediction and trading seem to be of a more consistent and predictable nature. "
Lee K.; Ulkuatam S.; Beling P.; Scherer W.,Generating synthetic bitcoin transactions and predicting market price movement via inverse reinforcement learning and agent-based modeling,2018,17,"0,5",Article,BTC,"O, H, L, C","RL, ABM",,,,01/09/2016 - 01/07/2017,,,
Wimalagunaratne M.; Poravi G.,A predictive model for the global cryptocurrency market: A holistic approach to predicting cryptocurrency prices,2018,17,"0,5",Conference paper,"BTC, ETH, BCH","SentimentScore, C","SA, ANN, SVM, RF, NB",Accuracy,,,,,,
Gao Z.; He Y.; Kuruoglu E.E.,A Hybrid Model Integrating LSTM and Garch for Bitcoin Price Prediction,2021,4,"0,4",Conference paper,BTC,"C, V","LSTM, GARCH","MSE, MAE, RMSE, F1, Precision, Accuracy",,,01/01/2015 - 09/02/2021,1 d,yahoo.com,
Derbentsev V.; Datsenko N.; Stepanenko O.; Bezkorovainyi V.,Forecasting cryptocurrency prices time series using machine learning,2019,11,"0,4",Conference paper,"BTC, ETH, XRP",C,"BART, ARIMA",RMSE,,,01/01/2017 - 01/03/2019,1 d,,
Mahendra E.; Madan H.; Gupta S.; Singh S.V.,Bitcoin Price Prediction Using Deep Learning and Real Time Deployment,2020,7,"0,4",Conference paper,BTC,"O, H, L, C, V","LSTM, GRU, SVM, CNN",RMSE,,,,1 d,kaggle.com,
Christoforou E.; Emiris I.Z.; Florakis A.,Neural Networks for Cryptocurrency Evaluation and Price Fluctuation Forecasting,2020,7,"0,4",Conference paper,"BTC, ETH, LTC","C, MarketCap",LSTM,,,,,1 d,,
Anupriya; Garg S.,Autoregressive integrated moving average model based prediction of bitcoin close price,2018,15,"0,4",Conference paper,BTC,"O, H, L, C",ARIMA,MPE,,,01/01/2015 - 23/09/2018,1 d,coindesk.com,
Yuliyono A.D.; Girsang A.S.,Artificial bee colony-optimized LSTM for bitcoin price prediction,2019,10,"0,4",Article,BTC,"O, H, L, C, V, MarketCap",LSTM,RMSE,,,27/12/2013 - 21/01/2019,1 d,coinmarketcap.com,
Nguyen D.-T.; Le H.-V.,Predicting the Price of Bitcoin Using Hybrid ARIMA and Machine Learning,2019,9,"0,4",Conference paper,BTC,C,ARIMA,"RMSE, MAPE",,,,1 d,,
Bai C.; White T.; Xiao L.; Subrahmanian V.S.; Zhou Z.,C2P2: A collective cryptocurrency up/down price prediction engine,2019,9,"0,4",Conference paper,"BTC, ETH","O, H, L, C, DAX, FTSE100, Nikkei225, SentimentScore","SA, KNN, SVM, RF",AUC,,,01/07/2018 - 31/12/2018,,"binance.com, coinmarketcap.com",
Schulte M.; Eggert M.,Predicting Hourly Bitcoin Prices Based on Long Short-Term Memory Neural Networks,2021,3,"0,3",Conference paper,BTC,"O, H, L, C, V, SentimentScore","SA, LSTM, VAR, SARIMAX","MSE, MAPE",,,02/09/2018 - 26/06/2019,1 h,"kaggle.com, cryptocompare.com",
Garg A.; Shah T.; Jain V.K.; Sharma R.,CrypTop12: A Dataset for Cryptocurrency Price Movement Prediction from Tweets and Historical Prices,2021,3,"0,3",Conference paper,"BTC, ETH","O, H, L, C, MarketCap, SentimentScore","SA, HAN",Accuracy,,,21/09/2017 - 27/02/2021,1 d,coinmarketcap.com,https://github.com/am15h/CrypTop12
Gurrib I.; Kamalov F.; Smail L.,Bitcoin price forecasting: Linear discriminant analysis with sentiment evaluation,2021,3,"0,3",Conference paper,BTC,"O, H, L, C, V, MarketCap, SentimentScore","LDA, SVM, SA","Precision, Recall, F1",,,17/06/2016 - 21/04/2021,1 d,coinmarketcap.com,
Das S.; Billah M.; Mumu S.A.,A Hybrid Approach for Predicting Bitcoin Price Using Bi-LSTM and Bi-RNN Based Neural Network,2021,3,"0,3",Conference paper,BTC,"O, H, L, C, AdjC, V","CNN, LSTM, RNN","RMSE = 2,7-3,1%, MAE = 1,8-2,3%, MAPE = 2,2-2,8%",,,01/01/2017 - 31/12/2019,1 d,yahoo.com,
Misnik A.; Krutalevich S.; Prakapenka S.; Borovykh P.; Vasiliev M.,Impact Analysis of Additional Input Parameters on Neural Network Cryptocurrency Price Prediction,2019,8,"0,3",Conference paper,BTC,"O, H, L, C, V, OrderBook,SentimentScore","MLP, LSTM, SA",,,,,1 min,kraken.com,
Waheeb W.; Shah H.; Jabreel M.; Puig D.,Bitcoin price forecasting: A comparative study between statistical and machine learning methods,2020,5,"0,3",Conference paper,BTC,,"ARIMA, ES, MLP, ELM, ","MAPE = 1,5-16",,,24/11/2013 - 24/11/2019,1 d,coinmarketcap.com,
Pang Y.; Sundararaj G.; Ren J.,Cryptocurrency price prediction using time series and social sentiment data,2019,7,"0,3",Conference paper,BTC,"SentimentScore, O, H, L, C","SA, ARIMA, LSTM",,,,01/10/2017 - 31/03/2018,1 h,,
Polpinij J.; Luaphol B.; Namee K.,COMPARATIVE STUDY FOR DATA NORMALIZATION METHODS ON PREDICTING CRYPTOCURRENCY PRICE,2022,1,"0,3",Article,"BTC, ETH, LTC","O, H, L, C, V","SVM, LSTM","RMSE, MAE",,,13/08/2016 - 03/01/2022,1 d,cryptocompare.com,
Cao N.T.; Nguyen D.Q.; Ton-That A.H.,A Combination of Technical Indicators and Deep Learning to Predict Price Trends for Short-Term Cryptocurrency Investment,2022,1,"0,3",Conference paper,"BTC, ETH","O, H, L, C, V, MarketCap, RSI, MACD",LSTM,"Accuracy, Recall, Precision, F1",,,01/09/2019 - 22/06/2022,"1 h, 30 min",binance.com,Binance Sandbox
Tran T.K.; Le T.T.T.; Bui T.T.; Dang V.Q.; Senkerik R.,Constructing a Cryptocurrency-Price Prediction Model Using Deep Learning,2022,1,"0,3",Conference paper,BTC,"O, H, L, C, V, MarketCap","LSTM, RNN, CNN",Accuracy,,,01/01/2017 - 31/12/2021,1 d,coinmarketcap.com,
Liu Y.; Tian Y.; Zhou T.; Wang H.,LSTM-based cross-prediction price model for gold and bitcoin,2022,1,"0,3",Conference paper,BTC,"C, Gold",LSTM,"RMSE, Accuracy",,,01/01/2018 - 31/12/2021,,,
Mishal M.H.; Jannat Rakhi N.; Rashid F.; Hamid K.; Morol M.K.; Al Jubair A.; Nandi D.,Prediction of Cryptocurrency Price using Machine Learning Techniques and Public Sentiment Analysis,2022,1,"0,3",Conference paper,BTC,"SentimentScore, O, H, L, C, V","SA, SVM, ARIMA, PROPHET, LSTM, XGB",RMSE,,,01/01/2016 - 30/06/2022,1 d,"yahoo.com, kaggle.com",
Kanji A.M.; Chaudhary I.; Shankar R.L.; Srinivasa G.,Predicting the Price Direction of Bitcoin Using Twitter Data and Machine Learning,2022,1,"0,3",Conference paper,BTC,"SentimentScore, O, H, L, C, V, BlockSize, Diff, NumberTrx, MinersRevenue","SA, LR, SVM, LSTM, GRU","Accuracy, Recall, Precision, F1",,,,,investing.com,
Phasook C.; Polpinij J.; Luaphol B.,A Study of Comparative Methods for Closed-Price Cryptocurrency Prediction,2022,1,"0,3",Conference paper,"BTC, LTC, ETH","O, H, L, C, V, AdjC","SVR, LSTM","RMSE, MAPE",,,01/01/2014 - 30/06/2022,1 d,yahoo.com,
Leon-Ayala R.; Vicente-Rosas N.; Quispe-Quispe N.; Mesa-Salinas L.; Saldaña-Bartra J.P.; Delgado A.; Huamaní E.L.,Predictive Analytics to Determine the Bitcoin Price Rise using Machine Learning Techniques,2022,1,"0,3",Article,BTC,"O, H, L, C, V",LSTM,,,,01/01/2012 - 31/03/2021,1 d,,
Li P.; Gong S.; Xu S.; Zhou J.; Yu S.; Xuan Q.,Cross Cryptocurrency Relationship Mining for Bitcoin Price Prediction,2022,1,"0,3",Conference paper,"BTC, ETH, EOS, XRP","C, ETH, LTC","Bi-RNN, Bi-LSTM, Bi-GRU",RMSE,,,01/06/2018 - 01/05/2020,,binance.com,
Srivastava N.; Gowda O.; Bulbule S.; Bhandari S.; Chaturvedi A.,Bitcoin Evolution Analytics: Twitter Sentiments to Predict Price Change as Bearish or Bullish,2022,1,"0,3",Conference paper,BTC,"SentimentScore, C","SA, DT, SVM, KNN",Accuracy,,,01/03/2021 - 30/03/2022,1 h,kaggle.com,https://www.kaggle.com/datasets/kaushiksuresh147/bitcoin-tweets
Sharma S.; Majumdar A.,Deep state space model for predicting cryptocurrency price,2022,1,"0,3",Article,"LTC, DOGE, BTC, XRP, ETH","O, H, L, C, V",StateSpaceModel,"RMSE, MAPE",,,01/01/2014 - 01/06/2021,1 d,yahoo.com,
Miao Z.; Huang W.,An optimal portfolio method based on real time prediction of gold and bitcoin prices,2022,1,"0,3",Article,BTC,"C, Gold",LSTM,RMSE,,,12/09/2016 - 12/09/2021,1 d,,
Tanwar A.; Kumar V.,Prediction of Cryptocurrency prices using Transformers and Long Short term Neural Networks,2022,1,"0,3",Conference paper,"BTC, ETH, BNB","O, H, L, C, V","Transformers, LSTM",,,,,1 d,binance.com,
Rajakumar B.R.; Binu D.; Shaek M.R.,Optimal Prediction of Bitcoin Prices Based on Deep Belief Network and Lion Algorithm with Adaptive Price Size: Optimal Prediction of Bitcoin Prices,2022,1,"0,3",Article,BTC,"C, ATR, EMA, RSI, ROC",DBN,,,,,"1 d, 1 min",,
Lyu H.,Cryptocurrency Price forecasting: A Comparative Study of Machine Learning Model in Short-Term Trading,2022,1,"0,3",Conference paper,"BTC, ETH, ADA, BNB, XRP, DOGE, LUNA, LINK, LTC, BCH","O, C, V, AdjC","DT, LR, RR, LassoR, BayesianRegression, RF, KNN, NN, GB, SVM","RMSE = 3600-150000, ",,,21/09/2013 - 21/09/2021,1 d,coinmarketcap.com,
Son Y.; Vohra S.; Vakkalagadda R.; Zhu M.; Hirde A.; Kumar S.; Rajaram A.,Using Transformers and Deep Learning with Stance Detection to Forecast Cryptocurrency Price Movement,2022,1,"0,3",Conference paper,BTC,"O, H, L, C, AdjC, SentimentScore","Transformers, RNN, SA","Precision, Recall, F1",,,01/01/2018 - 01/01/2022,1 d,yahoo.com,
Nair K.; Pawle A.; Trisal A.; Krishnan S.,Bitcoin Price Prediction Using Sentimental Analysis - A Comparative Study of Neural Network Model for Price Prediction,2022,1,"0,3",Conference paper,BTC,SentimentScore,"SA, LSTM, GRU, CNN","MSE, RMSE, MAE",,,,,,
Ntourmas I.; Sotiropoulos D.,Bitcoin Price Prediction and Automated Trading via LSTM Networks and Reinforcement Learning,2022,1,"0,3",Conference paper,BTC,"O, H, L, C, V",LSTM,"MAE, MSE, RMSE, R2",,,,1 min,cryptodatadownload.com,
Mayo D.; Elgazzar H.,Predicting Cryptocurrency Price Change Direction from Supply-Side Factors via Machine Learning Methods,2022,1,"0,3",Conference paper,"BTC, LTC, ETH","NumberAddr, BlockCount, SupplyFactors, H-R, C, NumberTrx","KNN, ANN, SVM, NB, RF","Accuracy = 48-55%, ",,,01/01/2021 - 26/09/2021,1 d,coinmetrics.com,
Roopa Devi E.M.; Shanthakumari R.; Rajdevi R.; Dineshkumar S.; Dinesh A.; Keerthana M.,Predicting and Analysis the Bitcoin Price Using Various Forecasting Model,2022,1,"0,3",Conference paper,BTC,,"ARIMA, LSTM, PROPHET",RMSE = 640-2000,,,31/12/2011 - 31/03/2021,1 d,kaggle.com,
Nasarudin M.N.F.; Yassin I.M.; Ali M.S.A.M.; Mahmood M.K.A.; Baharom R.; Rizman Z.I.,MLP-NARX Bitcoin Price Prediction Model Integrating System Identification Modelling Principles,2022,1,"0,3",Article,BTC,"O, H, L, C, V","NARX, MLP",,,,30/04/2016 - 03/04/2021,1 d,coindesk.com,
Martin K.; Alsmadi I.; Rahouti M.; Ayyash M.,Combining Blockchain and Machine Learning to Forecast Cryptocurrency Prices,2020,4,"0,3",Conference paper,BTC,"MarketCap, V, C","LR, SVM, SNN","MSE, MAE",,,,,,
Gopal N.; Kumar K.S.S.,Predicting bitcoin prices - ANN approach,2020,4,"0,3",Article,BTC,V,ANN,,,,,,,
Freeda S.E.; Selvan T.C.E.; Hemanandhini I.G.,Prediction of Bitcoin Price using Deep Learning Model,2021,2,"0,2",Conference paper,BTC,"O, H, L, C, V, MarketCap","RNN, LSTM","Accuracy, RMSE, R2",,,01/01/2014 - 31/12/2018,1 d,yahoo.com,
Mallqui D.C.A.; Fernandes R.A.S.,"Analysis of Technical, Economic and Social Information Features to Predict the Bitcoin Price Direction for Day-Trade Operations",2021,2,"0,2",Conference paper,BTC,"O, H, L, C, V, H-R, Oil, S&P500, NASDAQ, SentimentScore, DAX, Wiki, Gold, MACD, RSI, TrxFees","ANN, SVM",Accuracy,,,01/04/2013 - 01/04/2017,1 d,"investing.com, quandl.com, bitcoincharts.com",
Gupta M.; Srivastava R.,A Comparative Analysis and Prediction over Bitcoin Price Using Machine Learning Technique,2021,2,"0,2",Article,BTC,"O, H, L, C, V, MarketCap","OLS, LogR, IBK, RandomSubSpace",Accuracy,,,,1 d,kaggle.com,
Chen C.-C.; Chang J.-H.; Lin F.-C.; Hung J.-C.; Lin C.-S.; Wang Y.-H.,Comparison of Forcasting Ability between Backpropagation Network and ARIMA in the Prediction of Bitcoin Price,2019,5,"0,2",Conference paper,BTC,C,"ARIMA, BPNN",RMSE,,,01/01/2014 - 31/12/2018,1 d,,
Struga K.; Qirici O.,Bitcoin Price Prediction with Neural Networks,2018,7,"0,2",Conference paper,BTC,"O, H, L, C, V, MarketCap, SentimentScore, BlockSize, Diff, S&P500, DJI",LSTM,"MSE, MAE",,,,1 d,yahoo.com,
Li Q.,Predicting Trends of Bitcoin Prices Based on Machine Learning Methods,2020,3,"0,2",Conference paper,BTC,"Price related technical indicators like CCI, AARON, MA, PSY, ","XGBoost, Lasso, ","Accuracy = 76-83%, ",,,01/03/2015 - 31/01/2019,1 d,yahoo.com,
Ho K.-H.; Chiu W.-H.; Li C.,A Short-Term Cryptocurrency Price Movement Prediction Using Centrality Measures,2020,3,"0,2",Conference paper,"BTC, ETH","O, H, L, C, V",LSTM,Accuracy ,,,01/01/2013 - 31/12/2020,1 d,,
Dahham A.Z.D.; Ibrahim A.A.,Effects of Volatility and Trend Indicator for Improving Price Prediction of Cryptocurrency,2020,3,"0,2",Conference paper,"BTC, LTC",,SA,Accuracy,,,,,,
Parvini N.; Abdollahi M.; Nozari A.,A novel decomposition-forecasting approach towards Bitcoin price prediction: Hybrid of Theta-SVR,2020,3,"0,2",Conference paper,BTC,Theta decomposition of prices,Theta-SVR,"MASE = 0,9979, RMSE = 168, MAPE = 2",,,01/08/2015 - 31/04/2020,1 d,yahoo.com,
Yang L.; Liu X.-Y.; Li X.; Li Y.,Price Prediction of Cryptocurrency: An Empirical Study,2019,4,"0,2",Conference paper,"BTC, ETH","SentimentScore, C, V","SA, LSTM",Accuracy,,,,,,
Hao V.M.; Huy N.H.; Dao B.; Mai T.-T.; Nguyen-An K.,Predicting Cryptocurrency Price Movements Based on Social Media,2019,4,"0,2",Conference paper,BTC,"O, H,L, C, Google Trends SVI, Twitter Sentiment Score, Tweet volume","GB, VADER",Accuracy = 53-56%,,,12/12/2014 - 25/12/2018,1 d,", google.com, coinbase.com",
Premarathne A.; Halgamuge M.N.; Samarakody R.; Nirmalathas A.,"Real-time cryptocurrency price prediction by exploiting IoT concept and beyond: Cloud computing, data parallelism and deep learning",2020,2,"0,1",Article,BTC,C,ANN,"MSE, MAE",,,,1 d,,
Pavlyshenko B.M.,Bitcoin Price Predictive Modeling Using Expert Correction,2019,3,"0,1",Conference paper,BTC,"V, SentimentScore, C, Diff, AddrNumber","ExpertControl, BR",RMSE,,,,,"ggogle.com, wikipedia.com",
Dhanya N.M.,An empirical evaluation of bitcoin price prediction using time series analysis and roll over,2021,1,"0,1",Conference paper,BTC,"C, MarketCap, BlockSize, TrxNumber, V, H-R, TrxFees, AddrNumber","SVM, ARIMA, LSTM",RMSE,,,01/01/2013 - 31/12/2018,1 d,,
Li X.; Du L.,A Multi-window Bitcoin Price Prediction Framework on Blockchain Transaction Graph,2021,1,"0,1",Conference paper,BTC,"TransactionsData, C",SVM,MAPE,,,19/08/2013 - 19/07/2016,1 d,"google.com, coinbase.com",
Ye W.,Predicting Price Direction of Cryptocurrency Using Artificial Neural Networks,2021,1,"0,1",Conference paper,"BTC, ETH, ADA","O,H,L,C, SMA, MOM, EMA, MACD, STK, STD, RSI, VOL,CCI",ANN,Accuracy = 62%,,,,1 d,"coinmarketcap.com, kaggle.com",
Kim J.; Wimmer H.; Liu H.; Kim S.,A Streaming Data Collection and Analysis for Cryptocurrency Price Prediction using LSTM,2021,1,"0,1",Conference paper,"BTC, ETH, LTC",,LSTM,"MAE, RMSE",,,,10 s,coinmarketcap.com,
Qiao Z.; Chai T.; Gu J.; Zhou X.; Dai S.; Zhang X.,Singular Spectrum Analysis based Long Short-Term Memory for Predicting Bitcoin Price,2019,2,"0,1",Conference paper,BTC,C,"LSTM, SSA","RMSE = 280-350, MAE = 180-230, MAPE = 2,5-3,3",,,01/01/2018 - 30/06/2019,1 d,,
Karova M.; Penev I.; Marinov D.,Design and Implementation of Cryptocurrency Price Prediction System,2020,1,"0,1",Conference paper,BTC,,LSTM,,,,,,,
Misnik A.; Krutalevich S.; Prakapenka S.; Borovykh P.; Vasiliev M.,Neural network approximation precision change analysis on cryptocurrency price prediction,2018,2,"0,1",Conference paper,BTC,"O, H, L, C, V, SentimentScore","LSTM, MLP, SA",,,,,1 min,kraken.com,
Amjad U.; Jilani T.A.; Tariq H.; Hussain A.,A quantum based evolutionary algorithm for stock index and bitcoin price forecasting,2018,1,"0,0",Article,BTC,C,"QEA, FTS","MSE = 0,96%",,,22/02/2018 - 22/05/2018,1 d,coinmarketcap.com,
Kim Y.-S.,A machine learning modeling for bitcoin market price prediction based on the long short term memory recurrent neural network,2019,0,"0,0",Article,BTC,,LSTM,,,,,,,
Kumar S.K.; Thulasi B.,"A novel integrated approach to predict bitcoin price using LSTM of RNN, GBDT and gated recurrent unit architecture",2020,0,"0,0",Article,BTC,,"RNN, LSTM, GRU",,,,,,,
Baek U.-J.; Shin M.-G.; Lee M.-S.; Kim B.; Park J.-T.; Kim M.-S.,Comparison of distance measurement in time series clustering for predicting bitcoin prices,2020,0,"0,0",Conference paper,BTC,C,LSTM,Accuracy,,,01/06/2017 - 01/06/2020,1 d,blockchain.com,
Millikan E.; Subramanian P.; Joseph M.H.,Bitcoin Vision: Using Machine Learning and Data Mining to Predict the Short-Term and Long-Term Price of Bitcoin,2021,0,"0,0",Article,BTC,"O, H, L, C, V, H-R, MarketCap, Diff, TrxNumber, AddrNumber, TrxFees, MempoolSize","LSTM, ARIMA, RF",,,,01/01/2012 - 30/03/2021,1 min,blockchain.com,
Hu N.; Gao F.; Gui P.; Yang L.,Bilateral Association Mining with Machine Learning to Predict Bitcoin Price Changing Trends,2022,0,"0,0",Conference paper,BTC,"SentimentScore, C","SA, LSTM",,,,,,,
Wen C.; Li T.; Qiu Z.,Bitcoin Price Prediction Using Autoregressive Integrated Moving Average (ARIMA) Model,2022,0,"0,0",Conference paper,BTC,C,ARIMA,,,,09/11/2016 - 09/10/2021,1 d,nasdaq.com,
Jiang Z.,Prediction of Bitcoin Price Since COVID-19 by Using Neural Network Models,2022,0,"0,0",Conference paper,BTC,"O, H, L, C",BPNN,,,,15/12/2013 - 08/08/2021,"1 w, 4 h",,
Murugesan R.; Shanmugaraja V.; Vadivel A.,Forecasting Bitcoin Price Using Interval Graph and ANN Model: A Novel Approach,2022,0,"0,0",Article,BTC,"O, H, L, C","ANN, IG","MAPE, RMSE",,,01/01/2013 - 31/12/2019,1 d,investing.com,
Li C.,Predicting Bitcoin Prices Using Sentiment Analysis Results,2022,0,"0,0",Conference paper,BTC,"O, H, L, C, SentimentScore","VADER, LR, ",,,,01/01/2021 - 02/05/2021,1 m,", facebook.com",
Daita S.R.; Choubey S.B.; Choubey A.,A Journal on Cryptocurrency Analysis and Price Prediction Model using LSTM Neural Networks,2022,0,"0,0",Conference paper,BTC,C,"LogR, RF, SVM, XGB, LSTM, GRU, Bi-LSTM","Accuracy, Precision, Recall, RMSE, MAE, MAPE",,,,1 d,yahoo.com,
Shahul Hameed A.A.; Ravi C.,Bitcoin price prediction using optimized multiplicative long short term memory with attention mechanism using modified cuckoo search optimization,2022,0,"0,0",Article,BTC,"O, H, L, C, SMA, EMA, ADX, BB, RSI",LSTM,"MAE, MSE, RMSE",,,17/09/2014 - 16/05/2021,1 d,"yahoo.com, coindesk.com",
Jones J.; Demirel D.,Long Short-Term Memory for Bitcoin Price Prediction,2022,0,"0,0",Conference paper,BTC,C,LSTM,"RMSE, MAPE",,,,,"blockchain.com, quandl.com",
Masoudian S.J.; Kathuria P.M.; Gowda N.S.; Ali Khan T.,Bitcoin Price Prediction using Long Short Term Memory Neural Networks,2022,0,"0,0",Conference paper,BTC,"O, H, L, C, V",LSTM,,,,17/09/2014 - 24/08/2021,1 d,kaggle.com,
Bao K.,The Application of Natural Language Processing and tspDB to Predict Future Bitcoin Price,2022,0,"0,0",Conference paper,BTC,"C, SentimentScore","SA, Bi-LSTM",,,,,,kaggle.com,
Bertillo D.; Morelli C.; Sansonetti G.; Micarelli A.,A Comparative Analysis of Reinforcement Learning Approaches to Cryptocurrency Price Prediction,2022,0,"0,0",Conference paper,"BTC, ETH, ADA",C,RL,SharpeR,,,,,cryptodatadownload.com,
Shah A.; Kute R.S.,Cryptocurrency Price Prediction using Graph Embedding and Deep learning,2022,0,"0,0",Conference paper,BTC,"O, H, L, C, V, AdjC","LSTM, GRU","RMSE, MSE, MAE",,,01/01/2017 - 01/02/2022,1 d,yahoo.com,
Nesakumar D.; Bhavyasri S.; Keerthana T.; Meghana Y.; Pavithra K.N.; Mugilan P.,Bitcoin Price Prediction Using Deep Learning and Neural Networks,2022,0,"0,0",Conference paper,BTC,TrxData,"LSTM, ARIMA, DT","R2, MAE, MSE",,,28/08/2017 - 19/08/2020,,,
Wu S.,The Influencing factors and Prediction Methods of Bitcoin’s Price,2022,0,"0,0",Conference paper,,,,,,,,,,survey su fattori previsione
Dempere J.M.; El-Agure Z.A.; Memic D.,Data Selection to Train Machine Learning Models and Forecast Bitcoin Prices: Depth vs. Width,2022,0,"0,0",Conference paper,BTC,"O, H, L, C, V","LR, ENR","RMSE, MAE, MAPE",,,01/01/2016 - 31/12/2020,1 d,,
Singh S.K.; Sharma K.P.; Kumar P.,Analytical study for Price Prediction of Bitcoin using Machine Learning and Deep Learning,2022,0,"0,0",Conference paper,,,,,,,,,,survey
Sener E.; Demir I.,Wavelet-Denoised ARIMA and LSTM Method to Predict Cryptocurrency Price,2022,0,"0,0",Conference paper,BTC,"O, H, L, C","ARIMA, LSTM, Wavelet",RMSE,,,11/03/2020 - 30/09/2022,1 d,cryptocompare.com,
Zuvela T.; Lazarevic S.; Djordjevic S.; Arsenovic M.; Sladojevic S.,Cryptocurrency Price Prediction Using Deep Learning,2022,0,"0,0",Conference paper,BTC,"O, H, L, C, V, MarketCap","LSTM, MultiscaleAnalysis","MAE, RMSE, MSE, R2",,,,,coinmarketcap.com,
Ye Z.; Liu W.; Qu Q.; Jiang Q.; Pan Y.,A Cryptocurrency Price Prediction Model Based on Twitter Sentiment Indicators,2022,0,"0,0",Conference paper,"BTC, DOGE, XRP, ETH",SentimentScore,"SA, LSTM",MAPE,,,01/01/2021 - 31/06/2021,,,
Kristensen J.; Madrigal-Cianci J.P.; Felekis G.; Liatsikou M.,Cryptocurrency Price Prediction With Multi-task Multi-step Sequence-to-Sequence Modeling,2022,0,"0,0",Conference paper,"BTC, +12OTHERS",C,"seq2seq, LSTM, RF","MAPE, MSE, R2",,,01/01/2020 - 31/12/2021,1 h,kaggle.com,
Abdalhammed M.K.; Ghazal A.M.; Ibrahim H.M.; Ahmed A.K.,Application Deep Learning to Predict Crypto Currency Prices and their Relationship to Market Adequacy (Applied Research Bitcoin as an Example),2022,0,"0,0",Article,BTC,C,"LSTM, CNN",RMSE,,,,1 d,investing.com,
Montenegro C.; Armas R.,Can the Price of BTC Bitcoin Be Forecast Successfully with NARX Neural Networks?,2022,0,"0,0",Conference paper,BTC,"O, H, L, C, V",NARX,,,,,,,
Hapau R.G.,Forecasting the Bitcoin Closing Price in Times of the Pandemic Using Box-Jenkins Methodology,2022,0,"0,0",Conference paper,BTC,C,ARIMA,,,,01/05/2028 - 31/05/22,1 d,,
Mangireddihemanth; Chandra M.; Vadderaviteja; Sumathi R.; Jeyaranjani J.,Analysis of Predicting Bitcoin Price using Deep Learning Technique,2022,0,"0,0",Conference paper,BTC,C,"LSTM, ARIMA",Accuracy,,,,,,
Sree C.L.; Meghana M.; Manjula R.; Mohan D.,Bitcoin Price Prediction Using Machine Learning’s Boosting Algorithms,2022,0,"0,0",Conference paper,BTC,"O, H, L, C, V",XGB,Accuracy,,,,1 min,"yahoo.com, kaggle.com",
Ashayer A.; Wireman J.; Tabrizi N.,Machine Learning and Blockchain Intersection in Cryptocurrency Price Prediction,2023,0,"0,0",Conference paper,,,,,,,,,,
Mehra I.; Tyagi M.K.; Kanthalia S.; Shree T.; Chaturvedi R.K.; Singh P.,Evaluating LSTM and GRU Models for Cryptocurrency Price Forecasting in Financial Markets,2023,0,"0,0",Conference paper,"BTC, ETH, LTC",,"LSTM, GRU","MAPE, RMSE",,,,,,
Manogna J.; Chowdary G.S.; Meghana G.; Nair P.C.,Bitcoin Price Prediction Based on Sentiment Analysis,2023,0,"0,0",Conference paper,BTC,"SentimentScore, O, H, L, C, V","LSTM, RNN, Bi-GRU","RMSE, Accuracy, Precision, Recall, F1",,,01/11/2022 - 30/01/2023,1 h,,
R Subba Rao P.V.; Natarajan B.; Bhuvaneswari R.; Dakshinamurthi V.; Oviya I.R.; Husain S.,Outperforming Cryptocurrency Price Prediction Using Deep Reinforcement Learning Approach,2023,0,"0,0",Conference paper,"BTC, ETH, LTC","O, H, L, C, V, MarketCap","DRL, PPO, CNN, LSTM",,,,01/08/2022 - 30/04/2023,1 d,,
Achmadi G.R.; Saikhu A.; Amaliah B.,Cryptocurrency Price Movement Prediction Using the Hybrid SARIMAX-LSTM Method,2023,0,"0,0",Conference paper,BTC,"C, V","SARIMAX, LSTM","MSE, RMSE, MAE, MAPE",,,15/09/2014 - 18/09/2023,1 d,yahoo.com,
Ahmadchitkara L.N.; Sarangi P.K.; Saxena M.; Sahoo A.K.; Singh A.,Next Day Bitcoin Price Prediction: Performance Comparison of Various Statistical and Machine Learning Algorithms,2023,0,"0,0",Conference paper,BTC,"O, H, L, C","SVM, Ridge, LSTM, Lasso, RF ","Accuracy, MAE",,,01/12/2021 - 30/02/2023,1 d,,
Ateeq K.; Al Zarooni A.A.; Rehman A.; Khan M.A.,A Mechanism for Bitcoin Price Forecasting using Deep Learning,2023,0,"0,0",Article,BTC,C,LSTM,"MSE, RMSE, MAPE, MAE",,,01/01/2021  - 31/03/2022,"1 month, 1 w, 1 d, 1 h, 1 min",binance.com,
Parikh A.; Goswami H.; Vora N.; Kore A.,Cryptocurrency Price Prediction using Regression Models on Momentum Indicators,2023,0,"0,0",Conference paper,BTC,"MACD, RSI, ADX, O, H, L, C, V","GB, RF","MAE, RMSE",,,,,yahoo.com,
Koltun V.; Yamshchikov I.P.,Pump It: Twitter Sentiment Analysis for Cryptocurrency Price Prediction,2023,0,"0,0",Article,BTC,"SentimentScore, C, ETH, XRP, LTC","SA, LSTM, LogR, OLS",RMSE,,,01/10/2017 - 31/08/2021,,,
Yamak P.T.; Yujian L.; Ting Z.; Kyefondeme D.C.,Leveraging ResNet CNN and XGBoost for Enhanced Bitcoin Price Forecasting,2023,0,"0,0",Conference paper,BTC,"C, RSI, BB, MACD, OBV, ATR, WR, O, H, L","XGB, Wavelet, ResNet","MAE, RMSE",,,13/07/2013 - 22/10/2023,1 d,,
Penmetsa S.; Vemula M.,Cryptocurrency Price Prediction with LSTM and Transformer Models Leveraging Momentum and Volatility Technical Indicators,2023,0,"0,0",Conference paper,"BTC, ETH, LTC","RSI, MACD, BB, O, H, L, C, V","LSTM, Transformer","MAE, MAPE, RMSE",,,16/06/2019 - 16/06/2023,1 d,,
Pradeep D.; Divya G.; Rajeshwari R.; Deepa R.; Satyanarayana T.V.V.,A Novel Evaluation of Cryptocurrency Future Price Prediction to Manage Fluctuations in Market by using Hybrid Learning Methodology,2023,0,"0,0",Conference paper,,,,,,,,,,
Zhi Y.; Chan T.-H.H.,Clustering Social Media Data for Bitcoin Price Prediction with Transformer Model,2023,0,"0,0",Conference paper,BTC,"SentimentScore, C, ETH, H, L, V, O, S&P500, , DJI","SA, Transformer","MSE, MAE, Accuracy",,,,,kaggle.com,
Akter M.S.; Shahriar H.; Rahman M.A.; Rahman M.; Cuzzocrea A.,Early Prediction of Cryptocurrency Price Decline: A Deep Learning Approach,2023,0,"0,0",Conference paper,"BTC, ETH, LTC","O, H, L, C, V, MarketCap","CNN, LSTM, Bi-LSTM, GRU",RMSE,,,01/04/2013 - 27/02/2021,1d ,coinmarketcap.com,
Mazinani A.; Davoli L.; Ferrari G.,Deep Learning-Based Cryptocurrency Price Prediction: A Comparative Analysis,2023,0,"0,0",Conference paper,"BTC, ETH, XRP","O, H, L, C","LSTM, GRU, MLP, CNN","MAE, RMSE, MAPE",,,01/08/2020 - 30/11/2022,4 h,twelvedata.com,
Sizykh N.; Dandamaev S.; Sizykh D.,Application of the Method of Multivariate Multi-stage Forecasting Based on the LSTM Deep Learning Model for Bitcoin Price Time Series,2023,0,"0,0",Conference paper,BTC,"O, H, L, C, V",LSTM,"MAE, MDA, SMAPE",,,01/09/2014 - 16/06/2023,1 d,yahoo.com,
Pichaiyuth P.; Termnuphan P.; Triyason T.; Rojanapornpun O.; Jaiyen S.,Price Trend Forecasting of Cryptocurrency Using Multiple Technical Indicators and SHAP,2023,0,"0,0",Conference paper,BTC,C,"SVM, KNN, RF, LSTM",AUC,,,01/01/2014 - 31/12/2021,1 d,,
Chaudhary D.; Saroj S.K.,Cryptocurrency Price Prediction Using Supervised Machine Learning Algorithms,2023,0,"0,0",Article,"BTC, ETH, BCH, DOGE","O, H, L, C, V, MarketCap","SVM, LR, DT",Accuracy,,,31/12/2016 - 21/05/2022,1 d,,
Belalova G.; Mannanova S.; Karimov B.,The Future of Bitcoin Price Predictions Integrating Deep Learning and the Hybrid Model Method,2023,0,"0,0",Conference paper,BTC,"O, H, L, C","RNN, GRU, ARIMA, LSTM, ANN","MAE, MSE, RMSE",,,,1 d,,
Rashid N.A.; Ismail M.T.,Modelling and Forecasting the Trend in Cryptocurrency Prices,2023,0,"0,0",Article,"BTC, ETH, USDT, BNB, USDC",C,QTR,"MSE, RMSE, MAE, MAPE",,,05/01/2015 - 24/01/2022,1 d,,
Kumar A.; Sharma N.; Chauhan R.; Sharma M.,Cryptocurrency Price Forecasting in a Volatile Landscape: SARIMAX Modeling and Short-Term Strategies,2023,0,"0,0",Conference paper,BTC,,"ARIMA, LSTM, SARIMAX","MAE, MSE, RMSE",,,,,,
Tyshchenko V.; Achkasova S.; Naidenko O.; Kanyhin S.; Karpova V.,DEVELOPMENT OF RECURRENT NEURAL NETWORKS FOR PRICE FORECASTING AT CRYPTOCURRENCY EXCHANGES,2023,0,"0,0",Article,,,,,,,,,,
Kumar A.; Sharma N.; Chauhan R.; Sharma M.,Predicting Cryptocurrency Prices: An Exploration of Blockchain's Impact on Traditional Currency,2023,0,"0,0",Conference paper,,,,,,,,,,
Pujitha M.V.; Kumar K.S.; Sree D.I.; Devi P.Y.,Predicting Bitcoin Prices for the Next 30 Days Using LSTM-Based Time Series Analysis,2023,0,"0,0",Conference paper,BTC,"O, H, L, C",LSTM,"MSE, RMSE, R2, MAPE",,,,1 d,yahoo.com,
Amadeo A.J.; Siento J.G.; Eikwine T.A.; Diana; Parmonangan I.H.,Temporal Fusion Transformer for Multi Horizon Bitcoin Price Forecasting,2023,0,"0,0",Conference paper,,,,,,,,,,
Youssfi Nouira A.; Bouchakwa M.; Jamoussi Y.,Bitcoin Price Prediction Considering Sentiment Analysis on Twitter and Google News,2023,0,"0,0",Conference paper,BTC,"SentimentScore, C","SA, LSTM",MSE,,,,1 min,", google.com",
Baviskar V.S.; Radha D.; Sankari S.S.U.,Cryptocurrency Price Prediction and Analysis,2023,0,"0,0",Conference paper,,,,,,,,,,
Tahmid Akhand M.N.; Ahsan Habib M.; Rokibul Alam K.M.,Analyzing Cryptocurrency Price Trends for Real-Time Price Predictions,2023,0,"0,0",Conference paper,"BTC, ETH, LTC","O, H, L, C","CNN, LSTM, GRU, Bi-LSTM","RMSE, MAE, MAPE",,,01/01/2019 - 31/12/2022,"1 d, 1 h",,
Gandhi A.; Shinde M.; Kulkarni R.; Chavan S.; Sayyed A.; Yedurkar D.; Phansalkar S.,Study of Bitcoin Price Prediction Based on Sentiment Scores of Influencer Tweets with Experimental Validation,2023,0,"0,0",Conference paper,BTC,"SentimentScore, O","SA, RF, DT, LogR","Accurecy, Precision, Recall, ROC",,,,,,
Kamboj D.; Gola K.K.; Ahmad S.; Singh A.; Jee N.,A Comparative Study of Time Series Models for Bitcoin Price Prediction,2023,0,"0,0",Conference paper,,,,,,,,,,
Hajek P.; Olej V.,Hierarchical Intuitionistic TSK Fuzzy System for Bitcoin Price Forecasting,2023,0,"0,0",Conference paper,BTC,"C, H-R, ETH, TrxNumber, Oil, Diff, V, MarketCap, SentimentScore",HIFS,"MAE, RMSE, MAPE",,,31/03/2018 - 31/05/2022,1 d,,
Todorovic M.; Petrovic A.; Toskovic A.; Zivkovic M.; Jovanovic L.; Bacanin N.,Multivariate Bitcoin price prediction based on LSTM tuned by hybrid reptile search algorithm,2023,0,"0,0",Conference paper,,,,,,,,,,
Yazhini V.; Nimal Madhu M.; Premjith B.; Gopalakrishnan E.A.,Deep Learning with Attention Mechanism for Cryptocurrency Price Forecasting,2023,0,"0,0",Conference paper,"BTC, ETH","O, H, L, C, V","LSTM, GRU, Bi-LSTM","MAE, RMSE",,,01/01/2016 - 31/12/2021,"3 min, 1 h",,
Wen N.S.; Ling L.S.,Evaluation of Cryptocurrency Price Prediction Using LSTM and CNNs Models,2023,0,"0,0",Article,BTC,"O, H, L, C, V","CNN, LSTM","RMSE, MSE, MAE, R2",,,01/01/2018 - 31/12/2022,1 d,investing.com,
Polpinij J.; Namee K.; Sibunruang C.; Chothanom A.; Khamket T.; Meny A.; Charoensak R.; Kaenampornpan M.; Luaphol B.,Predicting the Close-price of Cryptocurrency Using the Kernel Regression Algorithm,2023,0,"0,0",Conference paper,"BTC, LTC, ETH","O, H, L, C, V","KR, SVR, LSTM","RMSE = 0,0553-0,057, MAPE = 9,8",,,,1 d,yahoo.com,
Wang Z.; Yang Z.; Zheng Z.; Zhu Y.,Bitcoin Price Forecasting Based on ARIMA Model and Multifactorial Linear Regression,2023,0,"0,0",Conference paper,BTC,,"ARIMA, LR",,,,01/05/2019 - 30/04/2022,,,
Kim J.; Seol J.; Onisha T.A.; Ji Y.,Hyper Parameter Classification on Deep Learning Model for Cryptocurrency Price Prediction,2023,0,"0,0",Conference paper,"BTC, ETH","O, H, L, C","LSTM, GRU",RMSE,,,30/07/2019 - 27/09/2022,30 sec,kaggle.com,
Ahmed F.U.; Ahmed M.; Mahi F.H.; Abdullah S.H.; Suha S.A.,A Comparative Performance Evaluation of Bitcoin Price Prediction Using Machine Learning Techniques,2023,0,"0,0",Conference paper,BTC,C,"CNN, LSTM",RMSE,,,17/11/2014 - 31/12/2022,1 d,yahoo.com,
Adina E.M.; Tolentino J.A.; Shen J.; Sierra H.D.; Resuello G.B.,Application of recurrent neural network (RNN) in bitcoin price prediction using singular value decomposition (SVD) dimensionality reduction,2023,0,"0,0",Conference paper,BTC,,RNN,,,,,1 d,,
Slim S.; Tabche I.; Koubaa Y.; Osman M.; Karathanasopoulos A.,Forecasting realized volatility of Bitcoin: The informative role of price duration,2023,0,"0,0",Article,BTC,,HAR,MSFE,,,,,bitcoincharts.com,
Shrotriya L.; Khatwani R.; Mishra M.; Shah P.; Badala J.; Chinmulgund A.; Bedarkar M.; Sekhar R.,Cryptocurrency Algorithmic Trading with Price Forecasting Analysis using PowerBI,2023,0,"0,0",Conference paper,"BTC, ETH","MACD, RSI, O, H, L, C",LSTM,,,,,,"binance.com, bitmex.com",
Krishna B.M.; Sapthami I.; Banka V.R.; Ravela C.,Cryptocurrency Price Prediction using Long Short Term Memory Method in Machine Learning,2023,0,"0,0",Conference paper,BTC,"O, H, L, C, V",LSTM,RMSE,,,,1 d,yahoo.com,
Tharun S.V.; Saranya G.; Tamilvizhi T.; Surendran R.,Cryptocurrency Price Prediction Using Deep Learning,2023,0,"0,0",Conference paper,"BTC, LTC, ETH, ADA","O, H, L, C, V",Bi-LSTM,"MAPE, R2, Accuracy",,,,1 d,yahoo.com,
Boongasame L.; Songram P.,Cryptocurrency price forecasting method using long short-term memory with time-varying parameters,2023,0,"0,0",Article,BTC,C,LSTM,"MAPE, MAE, RMSE",,,15/02/2022 - 15/03/2022,1 min,binance.com,
Sabeena J.; Sagar P.L.,Enhancing Predictive Accuracy for Real Time Cryptocurrency Market Prices with Machine Learning Techniques,2023,0,"0,0",Conference paper,BTC,"SentimentScore, C, H-R","CNN, ARIMA","MAE, RMSE, MAPE",,,,,"coinmarketcap.com, kaggle.com",
Sai Somayajulu M.V.N.S.S.R.K.; Kotaiah B.,A Survey on Cryptocurrency Price Prediction using Hybrid Approaches of Deep Learning Models,2023,0,"0,0",Conference paper,,,,,,,,,,Survey
Manu Y.M.; Gagana R.,Enhancing Bitcoin Price Predictions with a Data Selection Approach for Linear Regression,2023,0,"0,0",Conference paper,BTC,,LR,,,,,,,
Dhaku C.R.; Arumugam S.K.,Forecasting Bitcoin Price During Covid-19 Pandemic Using PROPHET and ARIMA: An Empirical Research,2023,0,"0,0",Conference paper,BTC,C,"PROPHET, ARIMA",,,,01/04/2018 - 31/04/2021,,,
Hafid A.; Hafid A.S.; Makrakis D.,Bitcoin Price Prediction Using Machine Learning and Technical Indicators,2023,0,"0,0",Conference paper,BTC,"RSI, MACD, O, H, L, C, V, EMA","LR, SVM, RF","Accuracy, Precision, Recall",,,01/02/2021 - 01/02/2022,15 min,binance.com,
Nigam K.; Singh M.,Prediction of the Variation in Price of Bitcoin Using Machine Learning,2023,0,"0,0",Conference paper,BTC,,,,,,,,,
Shi J.,Examine Bitcoin Price Predictability with Machine Learning Algorithms,2023,0,"0,0",Conference paper,BTC,,"XGB, LSTM",,,,,"15 min, 1 d",,
Ren Y.,Bitcoin price prediction based on Recurrent Neural Network,2023,0,"0,0",Conference paper,BTC,,RNN,"MAPE, RMSE, R2",,,,1 d,,Con abstract..
Shaik H.T.; Kumar B.S.;  Pydala B.,An Efficient Machine Learning Model for Bitcoin Price Prediction,2023,0,"0,0",Conference paper,BTC,C,"SVM, ARIMA, GRU, RF, LSTM, LR, BR, PolR",RMSE,,,,,,Ho riguardato non ci sono altre info utili
Toai T.K.; Senkerik R.; Zelinka I.; Ulrich A.; Hanh V.T.X.; Huan V.M.,ARIMA for Short-Term and LSTM for Long-Term in Daily Bitcoin Price Prediction,2023,0,"0,0",Conference paper,BTC,C,"ARIMA, LSTM, SVM","MAE, RMSE",,,01/01/2015 - 23/09/2021,1 d,yahoo.com,
Thuan N.D.; Huong N.T.V.,Using Regression and Algorithms in Artificial Intelligence to Predict the Price of Bitcoin,2023,0,"0,0",Conference paper,BTC,"O, H, L, C","KNN, DT, SVM, LR, RF, ANN","MAE, RMSE",,,17/08/2017 - 15/03/2022,,cryptodatadowload.com,
Singathala H.; Malla J.; Jayashree J.; Vijayashree J.,A Deep Learning based Model for Predicting the future prices of Bitcoin,2023,0,"0,0",Conference paper,BTC,"O, H, L, C, V","GRU, Bi-GRU, Bi-LSTM, LSTM","MAPE, MAE, RMSE",,,02/11/2020 - 17/03/2022,,kaggle.com,
Smyl S.; Dudek G.; Pełka P.,Forecasting Cryptocurrency Prices Using Contextual ES-adRNN with Exogenous Variables,2023,0,"0,0",Conference paper,"BTC, ETH, DOGE, ETC","AddrNumber, BlockSize, MarketCao, TrxFees, H-R, SentimentScore, Diff","ES, RNN, N-BEATS, ARIMA, Transformer","MAPE, RMSE, MPE",,,,,blochchain-research-center.com,
Modi P.D.; Arshi K.; Kunz P.J.; Zoubir A.M.,A Data-driven Deep Learning Approach for Bitcoin Price Forecasting,2023,0,"0,0",Conference paper,BTC,"O, H, L, C, RSI, EMA, BB",Bi-LSTM,"RMSE, MAE, MAPE",,,01/01/2013 - 30/09/2021,,,
Singh M.; Jakhar A.K.; Juneja A.; Pandey S.,Machine Learning Based Framework for Cryptocurrency Price Prediction,2023,0,"0,0",Conference paper,BTC,"O, H, L, C, V, MarketCap","ARIMA, DT, RF, PROPHET","RMSE, MAE, MAPE",,,01/09/2014 - 31/03/2022,1 d,coinmarketcap.com,
Srivastava V.; Kumar Dwivedi V.; Kumar Singh A.,Prediction of Bitcoin Price using Optimized Genetic ARIMA Model and Analysis in Post and Pre Covid Eras*,2023,0,"0,0",Conference paper,BTC,"SentimentScore, C","ARIMA, SA","MSE, MAE, RMSE, R2",,,,,kaggle.com,
Prusti D.; Tripathy A.K.; Sahu R.; Rath S.K.,Bitcoin Price Prediction by Applying Machine Learning Approaches,2023,0,"0,0",Conference paper,BTC,"O, H, L, C, V","ARIMA, LSTM, PROPHET, SVM, LR","MAPE, MSE, RMSE, R2",,,01/01/2015 - 31/12/2018,1 d,yahoo.com,
Malla J.; Lavanya C.; Jayashree J.; Vijayashree J.,Bidirectional Gated Recurrent Unit (BiGRU)-Based Bitcoin Price Prediction by News Sentiment Analysis,2023,0,"0,0",Conference paper,BTC,"SentimentScore, H, L, O, C, V","Bi-GRU, SA, Bi-LSTM","Accuracy, Precision, Recall, F1",,,01/01/2021 - 31/12/2021,,coinmarketcap.com,
Hegde M.S.D.; Bhat M.; Horapeti U.; Manoj D.M.; Ananthanagu U.,"Bitcoin Investopedia - Market and Price Predictor, Chatbot, and public survey on taxation",2023,0,"0,0",Conference paper,BTC,"O, H, L, C, EMA, TrxNumber, SMA","LR, SVM, LSTM","MAE, MSE, RMSE",,,01/08/2014 - 30/11/2022,1 d,yahoo.com,